#pragma once

// ===========================================================================
// atkinson_font.h — every text face this firmware uses, in one place.
// AUTO-GENERATED by tools/gen_atkinson_fonts.sh, which drives the FreeInk
// SDK's own tools/gen_font.py (FreeInkUI/tools/gen_font.py) four times plus
// once more for the digit face below — do not edit by hand, regenerate via
// that script instead.
//
// Source: Atkinson Hyperlegible (Regular), designed by the Braille Institute
// of America — https://github.com/googlefonts/atkinson-hyperlegible.
// Licensed under the SIL Open Font License 1.1; embedding rasterized glyph
// bitmaps is permitted.
//
// Five proportional ASCII (U+0020..U+007E) text faces, 1bpp (MSB-first,
// row-major), covering the sizes this app actually needs — see ui.h for
// which Ui::kFontXxx slot binds to which:
//   kAtkinsonHL10Font   10px  — available, not yet bound to a slot (too small
//                               to read on the panel; kept in case something
//                               ever wants it deliberately)
//   kAtkinsonHL12Font   12px  — available under Ui::kFont12, not the small
//                               chrome face anymore (that's 14px now — tested
//                               too small at 12px)
//   kAtkinsonHL14Font   14px  — status-bar / chrome text (Ui::kFontSmall)
//   kAtkinsonHL24Font   24px  — default body text (Ui's unnamed font 0)
//   kAtkinsonHL28Font   28px  — available, not yet bound to a slot
// ...plus a fifth, different-shaped face bundled alongside them: a
// digits-only (U+002D..U+0039: - . / 0-9) anti-aliased 4-bit-coverage face at
// 68px, for the Standby/Climate pages' big temperature readout
// (Ui::kFontTemp) — large hero digits read better anti-aliased than the
// small chrome/body text does, which is why this one differs in both size
// and rendering technique:
//   kAtkinsonHLDigits68Font   68px, digits-only, 4bpp anti-aliased coverage
// ===========================================================================

#include <FreeInkUIFont.h>  // struct FontGlyph / BitmapFont

namespace freeink {
namespace ui {

inline constexpr uint8_t kAtkinsonHL10Bitmap[] = {
    0x49, 0x24, 0x10, 0xB4, 0x00, 0x00, 0x28, 0x51, 0xF1, 0x4F, 0xCA, 0x14, 0x00, 0x20, 0xC6, 0xB8,
    0x70, 0xAA, 0xDE, 0x20, 0x62, 0x4A, 0x25, 0x0D, 0x61, 0x48, 0xA4, 0x8C, 0x38, 0x90, 0xC2, 0xA8,
    0xD1, 0x9D, 0x80, 0xA0, 0x00, 0x49, 0x49, 0x12, 0x60, 0x49, 0x12, 0x52, 0xC0, 0x27, 0x60, 0x00,
    0x00, 0x10, 0x47, 0x84, 0x10, 0xE0, 0xE0, 0x00, 0xC0, 0x32, 0x24, 0x44, 0x80, 0x39, 0x16, 0x55,
    0x55, 0x33, 0x80, 0x2E, 0x22, 0x22, 0x20, 0x71, 0x20, 0x84, 0x31, 0x0F, 0x80, 0x71, 0x20, 0x8C,
    0x0A, 0x27, 0x00, 0x18, 0xA2, 0x92, 0xFC, 0x20, 0x80, 0x79, 0x07, 0x12, 0x09, 0x27, 0x00, 0x39,
    0x07, 0x12, 0x49, 0x23, 0x00, 0xF8, 0x84, 0x22, 0x11, 0x00, 0x31, 0x24, 0x8E, 0x49, 0x17, 0x80,
    0x31, 0x24, 0x92, 0x38, 0x42, 0x00, 0xC0, 0xC0, 0xC0, 0xE0, 0x08, 0xCC, 0x0C, 0x08, 0x78, 0x07,
    0x80, 0xC0, 0xC0, 0x8C, 0xC0, 0x74, 0x42, 0x22, 0x00, 0x80, 0x3C, 0x42, 0x9A, 0xAA, 0x9E, 0x40,
    0x38, 0x30, 0x60, 0xA2, 0x44, 0x8F, 0xA1, 0x00, 0x79, 0x34, 0x9E, 0x45, 0x17, 0x80, 0x38, 0x89,
    0x04, 0x04, 0x08, 0x8E, 0x00, 0x78, 0x89, 0x12, 0x24, 0x48, 0x9E, 0x00, 0x79, 0x04, 0x1C, 0x41,
    0x07, 0x80, 0x79, 0x04, 0x1E, 0x41, 0x04, 0x00, 0x38, 0x89, 0x04, 0x64, 0x48, 0x8F, 0x00, 0x44,
    0x89, 0x13, 0xE4, 0x48, 0x91, 0x00, 0x62, 0x22, 0x22, 0x60, 0x10, 0x84, 0x21, 0x49, 0xC0, 0x4C,
    0xB1, 0x43, 0x85, 0x09, 0x11, 0x00, 0x41, 0x04, 0x10, 0x41, 0x07, 0x80, 0x42, 0x66, 0x66, 0x66,
    0x5A, 0x5A, 0x5A, 0x44, 0xC9, 0x92, 0xA5, 0x49, 0x93, 0x00, 0x38, 0x89, 0x0C, 0x14, 0x28, 0x8E,
    0x00, 0x79, 0x14, 0x5E, 0x41, 0x04, 0x00, 0x38, 0x44, 0x42, 0x92, 0x4A, 0x44, 0x3B, 0x00, 0x79,
    0x14, 0x5E, 0x51, 0x24, 0xC0, 0x7A, 0x24, 0x0E, 0x0E, 0x27, 0x80, 0xF8, 0x82, 0x08, 0x20, 0x82,
    0x00, 0x44, 0x89, 0x12, 0x24, 0x48, 0x8E, 0x00, 0x85, 0x24, 0x92, 0x30, 0xC3, 0x00, 0x89, 0x4C,
    0x96, 0x4A, 0xC5, 0x63, 0x30, 0x98, 0xC4, 0x90, 0xC0, 0x83, 0x09, 0x31, 0x00, 0x85, 0x25, 0x0C,
    0x20, 0x82, 0x00, 0x78, 0x21, 0x0C, 0x21, 0x0F, 0xC0, 0x69, 0x24, 0x92, 0x60, 0x84, 0x44, 0x22,
    0x30, 0xC9, 0x24, 0x92, 0xC0, 0x20, 0xC5, 0x12, 0x00, 0x00, 0x00, 0xF0, 0x48, 0x00, 0x00, 0x72,
    0x5F, 0x17, 0x80, 0x41, 0x07, 0x12, 0x49, 0x27, 0x00, 0x72, 0x60, 0x87, 0x80, 0x08, 0x27, 0x92,
    0x89, 0x27, 0x80, 0x72, 0x2F, 0xA0, 0x78, 0x6B, 0xA4, 0x90, 0x7A, 0x28, 0xA2, 0x78, 0x27, 0x00,
    0x42, 0x1C, 0x94, 0xA5, 0x20, 0x43, 0x24, 0x90, 0x20, 0x22, 0x22, 0x22, 0x40, 0x42, 0x16, 0xC6,
    0x29, 0x60, 0x49, 0x24, 0x90, 0x76, 0x49, 0x49, 0x49, 0x49, 0x72, 0x52, 0x94, 0x80, 0x71, 0x28,
    0x92, 0x70, 0x71, 0x24, 0x92, 0x71, 0x04, 0x00, 0x78, 0x92, 0x22, 0x47, 0x81, 0x03, 0x00, 0x64,
    0x44, 0x40, 0x74, 0x1D, 0xA7, 0x00, 0x5D, 0x24, 0xC0, 0x4A, 0x52, 0x97, 0x80, 0x94, 0x94, 0xC2,
    0x00, 0x97, 0x69, 0xB3, 0x64, 0x80, 0x9B, 0x08, 0xA9, 0x80, 0x94, 0x94, 0xC2, 0x13, 0x00, 0xF0,
    0x88, 0x8F, 0x00, 0x69, 0x28, 0x92, 0x60, 0x55, 0x55, 0x40, 0xC9, 0x22, 0x92, 0xC0, 0x6A, 0x60,
    0x00,
};

inline constexpr FontGlyph kAtkinsonHL10Glyphs[] = {
    {0, 0, 0, 3, 0, 0},  // 'space'
    {0, 3, 7, 3, 0, -7},  // '!'
    {3, 3, 7, 3, 0, -7},  // '"'
    {6, 7, 7, 7, 0, -7},  // '#'
    {13, 6, 9, 6, 0, -8},  // '$'
    {20, 9, 7, 9, 0, -7},  // '%'
    {28, 7, 7, 7, 0, -7},  // '&'
    {35, 2, 7, 2, 0, -7},  // '''
    {37, 3, 9, 3, 0, -7},  // '('
    {41, 3, 9, 3, 0, -7},  // ')'
    {45, 4, 7, 4, 0, -7},  // '*'
    {49, 6, 5, 6, 0, -5},  // '+'
    {53, 2, 3, 2, 0, -2},  // ','
    {54, 4, 3, 4, 0, -3},  // '-'
    {56, 2, 1, 2, 0, -1},  // '.'
    {57, 4, 7, 4, 0, -7},  // '/'
    {61, 6, 7, 6, 0, -7},  // '0'
    {67, 4, 7, 4, 0, -7},  // '1'
    {71, 6, 7, 5, 0, -7},  // '2'
    {77, 6, 7, 6, 0, -7},  // '3'
    {83, 6, 7, 6, 0, -7},  // '4'
    {89, 6, 7, 6, 0, -7},  // '5'
    {95, 6, 7, 6, 0, -7},  // '6'
    {101, 5, 7, 5, 0, -7},  // '7'
    {106, 6, 7, 6, 0, -7},  // '8'
    {112, 6, 7, 6, 0, -7},  // '9'
    {118, 2, 5, 2, 0, -5},  // ':'
    {120, 2, 6, 2, 0, -5},  // ';'
    {122, 6, 5, 6, 0, -5},  // '<'
    {126, 6, 4, 6, 0, -4},  // '='
    {129, 6, 5, 6, 0, -5},  // '>'
    {133, 5, 7, 5, 0, -7},  // '?'
    {138, 8, 7, 8, 0, -7},  // '@'
    {145, 7, 7, 6, 0, -7},  // 'A'
    {152, 6, 7, 6, 0, -7},  // 'B'
    {158, 7, 7, 7, 0, -7},  // 'C'
    {165, 7, 7, 7, 0, -7},  // 'D'
    {172, 6, 7, 6, 0, -7},  // 'E'
    {178, 6, 7, 5, 0, -7},  // 'F'
    {184, 7, 7, 7, 0, -7},  // 'G'
    {191, 7, 7, 7, 0, -7},  // 'H'
    {198, 4, 7, 4, 0, -7},  // 'I'
    {202, 5, 7, 5, 0, -7},  // 'J'
    {207, 7, 7, 6, 0, -7},  // 'K'
    {214, 6, 7, 5, 0, -7},  // 'L'
    {220, 8, 7, 8, 0, -7},  // 'M'
    {227, 7, 7, 7, 0, -7},  // 'N'
    {234, 7, 7, 7, 0, -7},  // 'O'
    {241, 6, 7, 6, 0, -7},  // 'P'
    {247, 8, 8, 8, 0, -7},  // 'Q'
    {255, 6, 7, 6, 0, -7},  // 'R'
    {261, 6, 7, 6, 0, -7},  // 'S'
    {267, 6, 7, 6, 0, -7},  // 'T'
    {273, 7, 7, 7, 0, -7},  // 'U'
    {280, 6, 7, 6, 0, -7},  // 'V'
    {286, 9, 7, 8, 0, -7},  // 'W'
    {294, 7, 7, 6, 0, -7},  // 'X'
    {301, 6, 7, 6, 0, -7},  // 'Y'
    {307, 6, 7, 6, 0, -7},  // 'Z'
    {313, 3, 9, 3, 0, -7},  // '['
    {317, 4, 7, 4, 0, -7},  // '0x5C'
    {321, 3, 9, 3, 0, -7},  // ']'
    {325, 6, 7, 6, 0, -7},  // '^'
    {331, 4, 1, 4, 0, 0},  // '_'
    {332, 3, 8, 3, 0, -8},  // '`'
    {335, 5, 5, 5, 0, -5},  // 'a'
    {339, 6, 7, 6, 0, -7},  // 'b'
    {345, 5, 5, 5, 0, -5},  // 'c'
    {349, 6, 7, 6, 0, -7},  // 'd'
    {355, 6, 5, 5, 0, -5},  // 'e'
    {359, 3, 7, 3, 0, -7},  // 'f'
    {362, 6, 7, 6, 0, -5},  // 'g'
    {368, 5, 7, 5, 0, -7},  // 'h'
    {373, 3, 7, 3, 0, -7},  // 'i'
    {376, 4, 9, 3, -1, -7},  // 'j'
    {381, 5, 7, 5, 0, -7},  // 'k'
    {386, 3, 7, 2, 0, -7},  // 'l'
    {389, 8, 5, 8, 0, -5},  // 'm'
    {394, 5, 5, 5, 0, -5},  // 'n'
    {398, 6, 5, 6, 0, -5},  // 'o'
    {402, 6, 7, 6, 0, -5},  // 'p'
    {408, 7, 7, 6, 0, -5},  // 'q'
    {415, 4, 5, 3, 0, -5},  // 'r'
    {418, 5, 5, 5, 0, -5},  // 's'
    {422, 3, 6, 3, 0, -6},  // 't'
    {425, 5, 5, 5, 0, -5},  // 'u'
    {429, 5, 5, 4, 0, -5},  // 'v'
    {433, 7, 5, 7, 0, -5},  // 'w'
    {438, 5, 5, 5, 0, -5},  // 'x'
    {442, 5, 7, 4, 0, -5},  // 'y'
    {447, 5, 5, 5, 0, -5},  // 'z'
    {451, 3, 9, 3, 0, -7},  // '{'
    {455, 2, 9, 2, 0, -7},  // '|'
    {458, 3, 9, 3, 0, -7},  // '}'
    {462, 6, 4, 6, 0, -4},  // '~'
};

inline constexpr BitmapFont kAtkinsonHL10Font = {
    kAtkinsonHL10Bitmap, kAtkinsonHL10Glyphs, 0x0020, 0x007E, 13, 10, 9, 9, 1};

inline constexpr uint8_t kAtkinsonHL12Bitmap[] = {
    0x49, 0x24, 0x92, 0xAA, 0xA0, 0x00, 0x00, 0x14, 0x14, 0x7E, 0x24, 0x24, 0xFE, 0x28, 0x28, 0x10,
    0xF9, 0x52, 0x87, 0x03, 0x85, 0xEA, 0x3C, 0x20, 0x71, 0x91, 0x21, 0x28, 0x3A, 0x00, 0x5C, 0x14,
    0x44, 0x89, 0x8E, 0x38, 0x12, 0x09, 0x07, 0x07, 0xA6, 0x71, 0x18, 0xF6, 0xA8, 0x00, 0x24, 0x44,
    0x44, 0x44, 0x42, 0x44, 0x22, 0x22, 0x22, 0x4C, 0x23, 0x9C, 0x00, 0x00, 0x00, 0x10, 0x20, 0x43,
    0xF1, 0x02, 0x00, 0xD4, 0xF0, 0x00, 0x70, 0x10, 0x88, 0x42, 0x21, 0x10, 0x3C, 0x66, 0x62, 0x52,
    0x4A, 0x4A, 0x46, 0x3C, 0x17, 0x84, 0x21, 0x08, 0x42, 0x38, 0x88, 0x10, 0x60, 0x82, 0x18, 0x7E,
    0x38, 0x88, 0x10, 0xC0, 0x50, 0x91, 0x3C, 0x08, 0x30, 0xE1, 0x44, 0x9F, 0xC2, 0x04, 0x7C, 0x81,
    0xE2, 0x20, 0x40, 0x91, 0x1C, 0x38, 0x89, 0x03, 0xC4, 0x48, 0x91, 0x1C, 0xFC, 0x20, 0x84, 0x10,
    0xC2, 0x18, 0x38, 0x48, 0x91, 0xE4, 0x48, 0x51, 0x1E, 0x38, 0x89, 0x12, 0x24, 0x47, 0x02, 0x08,
    0xD0, 0x70, 0xD0, 0x35, 0x04, 0x31, 0x87, 0x01, 0x80, 0x80, 0x7E, 0x01, 0xF8, 0x00, 0x80, 0xE0,
    0x30, 0x67, 0x18, 0x00, 0x7B, 0x30, 0x86, 0x20, 0x02, 0x08, 0x1E, 0x10, 0x97, 0x2A, 0x95, 0x4A,
    0xD9, 0x80, 0x38, 0x18, 0x18, 0x28, 0x24, 0x44, 0x7C, 0x42, 0x82, 0x7C, 0x8D, 0x13, 0xE4, 0x28,
    0x50, 0xBE, 0x3C, 0x62, 0x40, 0x40, 0x40, 0x40, 0x62, 0x3C, 0x7C, 0x46, 0x42, 0x42, 0x42, 0x42,
    0x46, 0x7C, 0x7C, 0x81, 0x03, 0xC4, 0x08, 0x10, 0x3E, 0x7C, 0x81, 0x03, 0xE4, 0x08, 0x10, 0x20,
    0x3C, 0x31, 0x10, 0x08, 0x04, 0xF2, 0x09, 0x8C, 0x7A, 0x42, 0x42, 0x42, 0x7E, 0x42, 0x42, 0x42,
    0x42, 0x71, 0x08, 0x42, 0x10, 0x8E, 0x08, 0x20, 0x82, 0x0A, 0x28, 0x9C, 0x46, 0x4C, 0x58, 0x50,
    0x78, 0x4C, 0x44, 0x42, 0x40, 0x81, 0x02, 0x04, 0x08, 0x10, 0x3E, 0x61, 0x98, 0x67, 0x29, 0x4A,
    0x52, 0x93, 0x24, 0xC9, 0x32, 0x62, 0x62, 0x52, 0x52, 0x4A, 0x4E, 0x46, 0x46, 0x3C, 0x31, 0x10,
    0x48, 0x24, 0x12, 0x09, 0x88, 0x78, 0x7C, 0x8D, 0x0A, 0x37, 0xC8, 0x10, 0x20, 0x3C, 0x18, 0x84,
    0x11, 0x04, 0x4D, 0x11, 0xC6, 0x30, 0xF6, 0x00, 0x00, 0x7C, 0x46, 0x42, 0x46, 0x7C, 0x48, 0x4C,
    0x46, 0x38, 0x89, 0x03, 0x80, 0xC0, 0xF1, 0x9E, 0xFE, 0x20, 0x40, 0x81, 0x02, 0x04, 0x08, 0x42,
    0x42, 0x42, 0x42, 0x42, 0x42, 0x62, 0x3C, 0xC2, 0x89, 0x12, 0x22, 0x85, 0x0A, 0x08, 0x8C, 0x53,
    0x34, 0xC9, 0x32, 0x52, 0x8C, 0xE3, 0x30, 0xCC, 0xC6, 0x64, 0x28, 0x18, 0x18, 0x2C, 0x64, 0xC2,
    0xC6, 0x44, 0x2C, 0x28, 0x10, 0x10, 0x10, 0x10, 0x7E, 0x08, 0x20, 0xC1, 0x04, 0x10, 0x3F, 0x64,
    0x44, 0x44, 0x44, 0x46, 0x82, 0x10, 0x42, 0x10, 0x42, 0xE2, 0x22, 0x22, 0x22, 0x2E, 0x10, 0x60,
    0xA2, 0x44, 0x40, 0x00, 0x00, 0x00, 0xF8, 0x4C, 0x00, 0x00, 0x00, 0x39, 0x21, 0xD9, 0xCD, 0xD0,
    0x40, 0x81, 0xE2, 0x24, 0x48, 0x91, 0x3C, 0x39, 0x3C, 0x30, 0x4C, 0xE0, 0x04, 0x08, 0xF2, 0x2C,
    0x58, 0x91, 0x1E, 0x38, 0x8B, 0xF6, 0x04, 0xC7, 0x00, 0x24, 0x4E, 0x44, 0x44, 0x40, 0x34, 0x9B,
    0x16, 0x24, 0xC6, 0x81, 0x3C, 0x40, 0x81, 0xE2, 0x24, 0x48, 0x91, 0x22, 0x60, 0x24, 0x92, 0x40,
    0x20, 0x02, 0x22, 0x22, 0x22, 0x60, 0x41, 0x04, 0x94, 0x61, 0x45, 0x93, 0x49, 0x24, 0x93, 0x7B,
    0x93, 0x24, 0x49, 0x12, 0x44, 0x91, 0x20, 0x78, 0x89, 0x12, 0x24, 0x48, 0x80, 0x38, 0x8B, 0x16,
    0x24, 0x47, 0x00, 0x78, 0x89, 0x12, 0x24, 0x4F, 0x10, 0x20, 0x3C, 0x44, 0xC4, 0xC4, 0x44, 0x3C,
    0x04, 0x07, 0x72, 0x10, 0x84, 0x20, 0x73, 0x26, 0x06, 0x89, 0xE0, 0x44, 0xE4, 0x44, 0x46, 0x45,
    0x14, 0x51, 0x4D, 0xD0, 0x89, 0x25, 0x14, 0x30, 0x80, 0x99, 0x9A, 0x5A, 0x6A, 0x66, 0x24, 0xC9,
    0x43, 0x0C, 0x53, 0x30, 0x89, 0x25, 0x14, 0x30, 0x82, 0x30, 0x78, 0x61, 0x08, 0x43, 0xE0, 0x24,
    0x44, 0x48, 0x44, 0x46, 0x49, 0x24, 0x92, 0x48, 0xC2, 0x22, 0x22, 0x22, 0x2C, 0x65, 0xB8, 0x00,
    0x00,
};

inline constexpr FontGlyph kAtkinsonHL12Glyphs[] = {
    {0, 0, 0, 3, 0, 0},  // 'space'
    {0, 3, 8, 3, 0, -8},  // '!'
    {3, 4, 8, 4, 0, -8},  // '"'
    {7, 8, 8, 8, 0, -8},  // '#'
    {15, 7, 10, 7, 0, -9},  // '$'
    {24, 11, 8, 11, 0, -8},  // '%'
    {35, 9, 8, 8, 0, -8},  // '&'
    {44, 2, 8, 2, 0, -8},  // '''
    {46, 4, 10, 4, 0, -8},  // '('
    {51, 4, 10, 4, 0, -8},  // ')'
    {56, 5, 8, 5, 0, -8},  // '*'
    {61, 7, 6, 7, 0, -6},  // '+'
    {67, 2, 3, 2, 0, -1},  // ','
    {68, 4, 3, 4, 0, -3},  // '-'
    {70, 2, 2, 2, 0, -2},  // '.'
    {71, 5, 8, 5, 0, -8},  // '/'
    {76, 8, 8, 8, 0, -8},  // '0'
    {84, 5, 8, 5, 0, -8},  // '1'
    {89, 7, 8, 7, 0, -8},  // '2'
    {96, 7, 8, 7, 0, -8},  // '3'
    {103, 7, 8, 7, 0, -8},  // '4'
    {110, 7, 8, 7, 0, -8},  // '5'
    {117, 7, 8, 7, 0, -8},  // '6'
    {124, 6, 8, 6, 0, -8},  // '7'
    {130, 7, 8, 7, 0, -8},  // '8'
    {137, 7, 8, 7, 0, -8},  // '9'
    {144, 2, 6, 2, 0, -6},  // ':'
    {146, 2, 8, 2, 0, -6},  // ';'
    {148, 7, 6, 7, 0, -6},  // '<'
    {154, 7, 4, 7, 0, -4},  // '='
    {158, 7, 6, 7, 0, -6},  // '>'
    {164, 6, 8, 6, 0, -8},  // '?'
    {170, 9, 8, 9, 0, -8},  // '@'
    {179, 8, 8, 8, 0, -8},  // 'A'
    {187, 7, 8, 7, 0, -8},  // 'B'
    {194, 8, 8, 8, 0, -8},  // 'C'
    {202, 8, 8, 8, 0, -8},  // 'D'
    {210, 7, 8, 7, 0, -8},  // 'E'
    {217, 7, 8, 7, 0, -8},  // 'F'
    {224, 9, 8, 9, 0, -8},  // 'G'
    {233, 8, 8, 8, 0, -8},  // 'H'
    {241, 5, 8, 5, 0, -8},  // 'I'
    {246, 6, 8, 6, 0, -8},  // 'J'
    {252, 8, 8, 8, 0, -8},  // 'K'
    {260, 7, 8, 6, 0, -8},  // 'L'
    {267, 10, 8, 10, 0, -8},  // 'M'
    {277, 8, 8, 8, 0, -8},  // 'N'
    {285, 9, 8, 9, 0, -8},  // 'O'
    {294, 7, 8, 7, 0, -8},  // 'P'
    {301, 10, 9, 9, 0, -8},  // 'Q'
    {313, 8, 8, 7, 0, -8},  // 'R'
    {321, 7, 8, 7, 0, -8},  // 'S'
    {328, 7, 8, 7, 0, -8},  // 'T'
    {335, 8, 8, 8, 0, -8},  // 'U'
    {343, 7, 8, 7, 0, -8},  // 'V'
    {350, 10, 8, 10, 0, -8},  // 'W'
    {360, 8, 8, 7, 0, -8},  // 'X'
    {368, 8, 8, 7, 0, -8},  // 'Y'
    {376, 7, 8, 7, 0, -8},  // 'Z'
    {383, 4, 10, 4, 0, -8},  // '['
    {388, 5, 8, 5, 0, -8},  // '0x5C'
    {393, 4, 10, 4, 0, -8},  // ']'
    {398, 7, 9, 7, 0, -9},  // '^'
    {406, 5, 1, 5, 0, 0},  // '_'
    {407, 3, 9, 3, 0, -9},  // '`'
    {411, 6, 6, 6, 0, -6},  // 'a'
    {416, 7, 8, 7, 0, -8},  // 'b'
    {423, 6, 6, 6, 0, -6},  // 'c'
    {428, 7, 8, 7, 0, -8},  // 'd'
    {435, 7, 6, 6, 0, -6},  // 'e'
    {441, 4, 9, 4, 0, -9},  // 'f'
    {446, 7, 8, 7, 0, -6},  // 'g'
    {453, 7, 8, 7, 0, -8},  // 'h'
    {460, 3, 9, 3, 0, -9},  // 'i'
    {464, 4, 11, 3, -1, -9},  // 'j'
    {470, 6, 8, 6, 0, -8},  // 'k'
    {476, 3, 8, 3, 0, -8},  // 'l'
    {479, 10, 6, 10, 0, -6},  // 'm'
    {487, 7, 6, 7, 0, -6},  // 'n'
    {493, 7, 6, 7, 0, -6},  // 'o'
    {499, 7, 8, 7, 0, -6},  // 'p'
    {506, 8, 8, 7, 0, -6},  // 'q'
    {514, 5, 6, 4, 0, -6},  // 'r'
    {518, 6, 6, 6, 0, -6},  // 's'
    {523, 4, 8, 4, 0, -8},  // 't'
    {527, 6, 6, 6, 0, -6},  // 'u'
    {532, 6, 6, 5, 0, -6},  // 'v'
    {537, 8, 6, 8, 0, -6},  // 'w'
    {543, 6, 6, 6, 0, -6},  // 'x'
    {548, 6, 8, 5, 0, -6},  // 'y'
    {554, 6, 6, 6, 0, -6},  // 'z'
    {559, 4, 10, 4, 0, -8},  // '{'
    {564, 3, 10, 3, 0, -8},  // '|'
    {568, 4, 10, 4, 0, -8},  // '}'
    {573, 7, 4, 7, 0, -4},  // '~'
};

inline constexpr BitmapFont kAtkinsonHL12Font = {
    kAtkinsonHL12Bitmap, kAtkinsonHL12Glyphs, 0x0020, 0x007E, 16, 12, 11, 11, 1};

inline constexpr uint8_t kAtkinsonHL14Bitmap[] = {
    0x66, 0x66, 0x44, 0x06, 0x60, 0x55, 0x50, 0x00, 0x00, 0x00, 0x12, 0x09, 0x1F, 0xE2, 0x41, 0x63,
    0xF8, 0x90, 0x48, 0x24, 0x00, 0x08, 0x08, 0x7E, 0x4A, 0x48, 0x70, 0x1E, 0x0B, 0x0B, 0x4A, 0x3C,
    0x08, 0x78, 0x42, 0x64, 0x13, 0x60, 0xF2, 0x00, 0x2E, 0x02, 0x48, 0x34, 0x41, 0x12, 0x10, 0xE0,
    0x1C, 0x08, 0x82, 0x20, 0x70, 0x69, 0x91, 0x44, 0x31, 0x1C, 0x3C, 0xC0, 0x54, 0x00, 0x00, 0x24,
    0x44, 0x44, 0x44, 0x42, 0x30, 0x42, 0x22, 0x23, 0x22, 0x24, 0xC0, 0x11, 0xE3, 0x1A, 0x00, 0x00,
    0x00, 0x00, 0x08, 0x08, 0x08, 0x7F, 0x08, 0x08, 0x08, 0x49, 0x00, 0x78, 0x00, 0x00, 0x48, 0x08,
    0x41, 0x0C, 0x20, 0x84, 0x10, 0xC0, 0x1E, 0x11, 0x9C, 0x4A, 0x24, 0x92, 0x29, 0x14, 0x46, 0x1E,
    0x00, 0x11, 0xC1, 0x04, 0x10, 0x41, 0x04, 0x10, 0x3C, 0x66, 0x42, 0x06, 0x04, 0x08, 0x10, 0x60,
    0xFE, 0x3C, 0x46, 0x02, 0x18, 0x06, 0x02, 0x42, 0x46, 0x3C, 0x04, 0x06, 0x07, 0x06, 0x82, 0x42,
    0x21, 0xFC, 0x08, 0x04, 0x00, 0x3E, 0x40, 0x5C, 0x66, 0x02, 0x02, 0x42, 0x66, 0x3C, 0x1C, 0x22,
    0x40, 0x5C, 0x62, 0x42, 0x43, 0x62, 0x3C, 0xFE, 0x08, 0x10, 0x40, 0x82, 0x04, 0x10, 0x60, 0x1C,
    0x11, 0x08, 0x87, 0x86, 0x22, 0x19, 0x0C, 0xC4, 0x3C, 0x00, 0x3C, 0x62, 0x42, 0x43, 0x62, 0x3E,
    0x04, 0x08, 0x18, 0x48, 0x00, 0x90, 0x48, 0x00, 0x12, 0x40, 0x02, 0x0E, 0x30, 0x40, 0x30, 0x0E,
    0x02, 0x7F, 0x00, 0x00, 0x7F, 0x00, 0x00, 0x40, 0x70, 0x1C, 0x02, 0x1C, 0x70, 0x40, 0x3C, 0x88,
    0x18, 0x21, 0x82, 0x00, 0x18, 0x30, 0x1F, 0x06, 0x11, 0x39, 0x2D, 0x25, 0x24, 0xA4, 0x93, 0x61,
    0x80, 0x1E, 0x00, 0x18, 0x0E, 0x05, 0x06, 0x82, 0x21, 0x11, 0xFC, 0x82, 0xC1, 0x80, 0x7E, 0x21,
    0x90, 0xC8, 0x47, 0xE2, 0x19, 0x04, 0x86, 0x7E, 0x00, 0x1E, 0x10, 0xD0, 0x08, 0x04, 0x02, 0x01,
    0x00, 0x43, 0x1E, 0x00, 0x7E, 0x21, 0x90, 0x48, 0x34, 0x1A, 0x0D, 0x04, 0x86, 0x7E, 0x00, 0x7E,
    0x40, 0x40, 0x40, 0x7C, 0x40, 0x40, 0x40, 0x7E, 0x7E, 0x40, 0x40, 0x40, 0x7E, 0x40, 0x40, 0x40,
    0x40, 0x1E, 0x08, 0x64, 0x01, 0x00, 0x47, 0x90, 0x24, 0x08, 0x86, 0x1E, 0x80, 0x41, 0x90, 0x64,
    0x19, 0x06, 0x7F, 0x90, 0x64, 0x19, 0x06, 0x41, 0x80, 0x78, 0xC3, 0x0C, 0x30, 0xC3, 0x0C, 0x78,
    0x04, 0x08, 0x10, 0x20, 0x40, 0xA1, 0x66, 0x78, 0x43, 0x23, 0x13, 0x0B, 0x07, 0x83, 0x61, 0x18,
    0x84, 0x41, 0x80, 0x40, 0x40, 0x40, 0x40, 0x40, 0x40, 0x40, 0x40, 0x7E, 0x60, 0xCE, 0x19, 0x47,
    0x28, 0xA5, 0x94, 0x96, 0x92, 0x92, 0x32, 0x46, 0x40, 0x61, 0x9C, 0x65, 0x19, 0x26, 0x4D, 0x91,
    0x64, 0x79, 0x0E, 0x43, 0x80, 0x1E, 0x08, 0x66, 0x09, 0x02, 0x40, 0x90, 0x26, 0x08, 0x84, 0x1E,
    0x00, 0x7E, 0x43, 0x41, 0x43, 0x7E, 0x40, 0x40, 0x40, 0x40, 0x1E, 0x04, 0x31, 0x82, 0x20, 0x44,
    0x48, 0x8D, 0x18, 0xE1, 0x0C, 0x1E, 0x60, 0x00, 0x7E, 0x21, 0x90, 0x48, 0x67, 0xE2, 0x61, 0x10,
    0x84, 0x43, 0x00, 0x3C, 0x42, 0x40, 0x60, 0x3E, 0x03, 0x03, 0x43, 0x3C, 0xFF, 0x18, 0x18, 0x18,
    0x18, 0x18, 0x18, 0x18, 0x18, 0x41, 0x90, 0x64, 0x19, 0x06, 0x41, 0x90, 0x66, 0x10, 0x84, 0x1E,
    0x00, 0xC3, 0x21, 0x90, 0x8C, 0xC2, 0x61, 0x20, 0xF0, 0x30, 0x18, 0x00, 0xC6, 0x34, 0x62, 0x46,
    0x24, 0xA6, 0x69, 0x42, 0x94, 0x29, 0x43, 0x1C, 0x30, 0x80, 0xC3, 0x31, 0x0D, 0x83, 0x81, 0x80,
    0xE0, 0xD8, 0xC4, 0xC1, 0x80, 0xC3, 0x21, 0x09, 0x86, 0x81, 0x80, 0x40, 0x20, 0x10, 0x08, 0x00,
    0x7F, 0x01, 0x01, 0x81, 0x81, 0x80, 0x80, 0x80, 0xC0, 0x7F, 0x00, 0x74, 0x44, 0x44, 0x44, 0x44,
    0x70, 0xC1, 0x04, 0x08, 0x20, 0xC1, 0x04, 0x08, 0xE2, 0x22, 0x22, 0x22, 0x22, 0xE0, 0x18, 0x18,
    0x2C, 0x24, 0x46, 0x00, 0x00, 0x00, 0x00, 0xF8, 0x00, 0x46, 0x00, 0x00, 0x00, 0x00, 0x3C, 0x88,
    0x11, 0xE4, 0x48, 0x9F, 0x80, 0x40, 0x40, 0x5C, 0x66, 0x42, 0x42, 0x42, 0x66, 0x5C, 0x3C, 0xCD,
    0x02, 0x04, 0x0C, 0xCF, 0x00, 0x02, 0x02, 0x3A, 0x66, 0x42, 0x42, 0x42, 0x66, 0x3A, 0x3C, 0x66,
    0x42, 0x7E, 0x40, 0x46, 0x3C, 0x17, 0x6F, 0x66, 0x66, 0x66, 0x3A, 0x66, 0x42, 0x42, 0x42, 0x66,
    0x3A, 0x02, 0x66, 0x3C, 0x00, 0x40, 0x40, 0x5C, 0x66, 0x46, 0x42, 0x42, 0x42, 0x42, 0x26, 0x06,
    0x22, 0x22, 0x22, 0x21, 0x80, 0x42, 0x10, 0x84, 0x21, 0x08, 0xC0, 0x40, 0x81, 0x12, 0x45, 0x0E,
    0x16, 0x26, 0x46, 0x44, 0x44, 0x44, 0x44, 0x60, 0x5D, 0xC6, 0x66, 0x46, 0x24, 0x62, 0x46, 0x24,
    0x62, 0x46, 0x20, 0x5C, 0x66, 0x46, 0x42, 0x42, 0x42, 0x42, 0x3C, 0x66, 0x42, 0x42, 0x42, 0x66,
    0x3C, 0x5C, 0x66, 0x42, 0x42, 0x42, 0x66, 0x5C, 0x40, 0x40, 0x3A, 0x33, 0x10, 0x88, 0x44, 0x23,
    0x30, 0xE8, 0x04, 0x03, 0x80, 0x5B, 0x10, 0x84, 0x21, 0x00, 0x78, 0x89, 0x01, 0xC0, 0x58, 0x9E,
    0x00, 0x63, 0x3C, 0xC6, 0x31, 0x8C, 0x30, 0x46, 0x46, 0x46, 0x46, 0x46, 0x46, 0x3A, 0x84, 0x99,
    0x22, 0x43, 0x86, 0x0C, 0x00, 0x88, 0xB3, 0x25, 0x51, 0x54, 0x55, 0x08, 0xC2, 0x20, 0xC4, 0xD0,
    0xE1, 0x83, 0x89, 0x31, 0x00, 0x85, 0x24, 0x92, 0x30, 0xC3, 0x08, 0x60, 0x7C, 0x10, 0x60, 0x82,
    0x08, 0x1F, 0x00, 0x32, 0x22, 0x64, 0x62, 0x22, 0x30, 0x49, 0x24, 0x92, 0x49, 0x00, 0xE2, 0x22,
    0x21, 0x22, 0x22, 0xE0, 0x72, 0x4E, 0x00, 0x00, 0x00,
};

inline constexpr FontGlyph kAtkinsonHL14Glyphs[] = {
    {0, 0, 0, 4, 0, 0},  // 'space'
    {0, 4, 9, 4, 0, -9},  // '!'
    {5, 4, 9, 4, 0, -9},  // '"'
    {10, 9, 9, 9, 0, -9},  // '#'
    {21, 8, 12, 8, 0, -11},  // '$'
    {33, 13, 9, 13, 0, -9},  // '%'
    {48, 10, 9, 10, 0, -9},  // '&'
    {60, 2, 9, 2, 0, -9},  // '''
    {63, 4, 11, 4, 0, -9},  // '('
    {69, 4, 11, 4, 0, -9},  // ')'
    {75, 6, 9, 6, 0, -9},  // '*'
    {82, 8, 7, 8, 0, -7},  // '+'
    {89, 3, 3, 3, 0, -1},  // ','
    {91, 5, 4, 5, 0, -4},  // '-'
    {94, 3, 2, 3, 0, -2},  // '.'
    {95, 6, 9, 5, 0, -9},  // '/'
    {102, 9, 9, 9, 0, -9},  // '0'
    {113, 6, 9, 6, 0, -9},  // '1'
    {120, 8, 9, 8, 0, -9},  // '2'
    {129, 8, 9, 8, 0, -9},  // '3'
    {138, 9, 9, 9, 0, -9},  // '4'
    {149, 8, 9, 8, 0, -9},  // '5'
    {158, 8, 9, 8, 0, -9},  // '6'
    {167, 7, 9, 7, 0, -9},  // '7'
    {175, 9, 9, 9, 0, -9},  // '8'
    {186, 8, 9, 8, 0, -9},  // '9'
    {195, 3, 7, 3, 0, -7},  // ':'
    {198, 3, 9, 3, 0, -7},  // ';'
    {202, 8, 7, 8, 0, -7},  // '<'
    {209, 8, 6, 8, 0, -6},  // '='
    {215, 8, 7, 8, 0, -7},  // '>'
    {222, 7, 9, 7, 0, -9},  // '?'
    {230, 11, 9, 11, 0, -9},  // '@'
    {243, 9, 9, 9, 0, -9},  // 'A'
    {254, 9, 9, 9, 0, -9},  // 'B'
    {265, 9, 9, 9, 0, -9},  // 'C'
    {276, 9, 9, 9, 0, -9},  // 'D'
    {287, 8, 9, 8, 0, -9},  // 'E'
    {296, 8, 9, 8, 0, -9},  // 'F'
    {305, 10, 9, 10, 0, -9},  // 'G'
    {317, 10, 9, 10, 0, -9},  // 'H'
    {329, 6, 9, 6, 0, -9},  // 'I'
    {336, 7, 9, 7, 0, -9},  // 'J'
    {344, 9, 9, 9, 0, -9},  // 'K'
    {355, 8, 9, 8, 0, -9},  // 'L'
    {364, 11, 9, 11, 0, -9},  // 'M'
    {377, 10, 9, 10, 0, -9},  // 'N'
    {389, 10, 9, 10, 0, -9},  // 'O'
    {401, 8, 9, 8, 0, -9},  // 'P'
    {410, 11, 10, 11, 0, -9},  // 'Q'
    {424, 9, 9, 9, 0, -9},  // 'R'
    {435, 8, 9, 8, 0, -9},  // 'S'
    {444, 8, 9, 8, 0, -9},  // 'T'
    {453, 10, 9, 10, 0, -9},  // 'U'
    {465, 9, 9, 8, 0, -9},  // 'V'
    {476, 12, 9, 12, 0, -9},  // 'W'
    {490, 9, 9, 9, 0, -9},  // 'X'
    {501, 9, 9, 8, 0, -9},  // 'Y'
    {512, 9, 9, 9, 0, -9},  // 'Z'
    {523, 4, 11, 4, 0, -9},  // '['
    {529, 6, 9, 5, 0, -9},  // '0x5C'
    {536, 4, 11, 4, 0, -9},  // ']'
    {542, 8, 9, 8, 0, -9},  // '^'
    {551, 6, 2, 6, 0, 0},  // '_'
    {553, 4, 10, 4, 0, -10},  // '`'
    {558, 7, 7, 7, 0, -7},  // 'a'
    {565, 8, 9, 8, 0, -9},  // 'b'
    {574, 7, 7, 7, 0, -7},  // 'c'
    {581, 8, 9, 8, 0, -9},  // 'd'
    {590, 8, 7, 8, 0, -7},  // 'e'
    {597, 4, 10, 4, 0, -10},  // 'f'
    {602, 8, 11, 8, 0, -7},  // 'g'
    {613, 8, 9, 8, 0, -9},  // 'h'
    {622, 4, 10, 4, 0, -10},  // 'i'
    {627, 5, 12, 4, -1, -10},  // 'j'
    {635, 7, 9, 7, 0, -9},  // 'k'
    {643, 4, 9, 3, 0, -9},  // 'l'
    {648, 12, 7, 12, 0, -7},  // 'm'
    {659, 8, 7, 8, 0, -7},  // 'n'
    {666, 8, 7, 8, 0, -7},  // 'o'
    {673, 8, 9, 8, 0, -7},  // 'p'
    {682, 9, 9, 8, 0, -7},  // 'q'
    {693, 5, 7, 5, 0, -7},  // 'r'
    {698, 7, 7, 7, 0, -7},  // 's'
    {705, 5, 9, 5, 0, -9},  // 't'
    {711, 8, 7, 8, 0, -7},  // 'u'
    {718, 7, 7, 6, 0, -7},  // 'v'
    {725, 10, 7, 9, 0, -7},  // 'w'
    {734, 7, 7, 6, 0, -7},  // 'x'
    {741, 6, 9, 6, 0, -7},  // 'y'
    {748, 7, 7, 6, 0, -7},  // 'z'
    {755, 4, 11, 4, 0, -9},  // '{'
    {761, 3, 11, 3, 0, -9},  // '|'
    {766, 4, 11, 4, 0, -9},  // '}'
    {772, 8, 5, 8, 0, -5},  // '~'
};

inline constexpr BitmapFont kAtkinsonHL14Font = {
    kAtkinsonHL14Bitmap, kAtkinsonHL14Glyphs, 0x0020, 0x007E, 19, 14, 13, 12, 1};

inline constexpr uint8_t kAtkinsonHL24Bitmap[] = {
    0x30, 0x60, 0xC1, 0x83, 0x06, 0x0C, 0x08, 0x10, 0x20, 0x40, 0x00, 0x07, 0x0E, 0x1C, 0x6C, 0xD9,
    0x93, 0x26, 0x40, 0x00, 0x00, 0x00, 0x00, 0x00, 0x00, 0x00, 0x00, 0x00, 0x07, 0x30, 0x06, 0x30,
    0x06, 0x30, 0x06, 0x30, 0x3F, 0xFE, 0x3F, 0xFE, 0x06, 0x60, 0x0C, 0x60, 0x0C, 0x60, 0x0C, 0x60,
    0x7F, 0xFC, 0x7F, 0xFC, 0x0C, 0x60, 0x0C, 0x60, 0x18, 0xC0, 0x18, 0xC0, 0x03, 0x00, 0x0C, 0x01,
    0xFC, 0x0F, 0xFC, 0x73, 0x39, 0x8C, 0x07, 0x30, 0x1C, 0xC0, 0x3F, 0x00, 0x7F, 0x00, 0x3F, 0x00,
    0xCE, 0x03, 0x18, 0x0C, 0x66, 0x31, 0x9C, 0xCE, 0x3F, 0xF0, 0x3F, 0x00, 0x30, 0x00, 0xC0, 0x1E,
    0x01, 0xC0, 0xFE, 0x06, 0x06, 0x18, 0x30, 0x18, 0x31, 0x80, 0x60, 0xC6, 0x01, 0x86, 0x30, 0x03,
    0xF9, 0x80, 0x07, 0x8E, 0x78, 0x00, 0x33, 0xF0, 0x01, 0x9C, 0xE0, 0x0C, 0x61, 0x80, 0x31, 0x02,
    0x01, 0x86, 0x18, 0x0C, 0x18, 0x60, 0x30, 0x3F, 0x03, 0x80, 0x78, 0x07, 0xC0, 0x07, 0xF0, 0x07,
    0x1C, 0x03, 0x06, 0x00, 0xC6, 0x00, 0x77, 0x00, 0x1E, 0x00, 0x3F, 0x1C, 0x39, 0xCC, 0x38, 0x76,
    0x18, 0x1F, 0x0C, 0x07, 0x06, 0x03, 0xC3, 0x83, 0xE0, 0xFF, 0x98, 0x1F, 0x0F, 0x66, 0x66, 0x60,
    0x00, 0x00, 0x00, 0x00, 0x00, 0x0C, 0x30, 0x41, 0x83, 0x04, 0x18, 0x30, 0x60, 0xC1, 0x83, 0x06,
    0x04, 0x0C, 0x18, 0x10, 0x30, 0x20, 0x60, 0x30, 0x60, 0x60, 0xC0, 0x81, 0x83, 0x06, 0x0C, 0x18,
    0x30, 0x60, 0xC1, 0x82, 0x0C, 0x18, 0x60, 0xC3, 0x00, 0x0C, 0x03, 0x03, 0xF8, 0x78, 0x0E, 0x06,
    0xC1, 0x20, 0x00, 0x00, 0x00, 0x00, 0x00, 0x00, 0x00, 0x00, 0x00, 0x00, 0x00, 0x03, 0x00, 0x0C,
    0x00, 0x30, 0x00, 0xC0, 0x03, 0x01, 0xFF, 0xE7, 0xFF, 0x80, 0xC0, 0x03, 0x00, 0x0C, 0x00, 0x30,
    0x00, 0xC0, 0x73, 0x9C, 0x42, 0x30, 0x7F, 0x3F, 0x80, 0x00, 0x00, 0x00, 0x00, 0x00, 0x73, 0x9C,
    0x03, 0x81, 0x80, 0xC0, 0xC0, 0x60, 0x70, 0x30, 0x18, 0x18, 0x0C, 0x0E, 0x06, 0x03, 0x03, 0x01,
    0x81, 0xC0, 0x07, 0xC0, 0x0F, 0xF0, 0x1C, 0x38, 0x3C, 0x18, 0x3C, 0x1C, 0x36, 0x0C, 0x77, 0x0C,
    0x73, 0x8C, 0x71, 0x8C, 0x70, 0xCC, 0x30, 0xEC, 0x30, 0x6C, 0x38, 0x38, 0x18, 0x38, 0x0F, 0xF0,
    0x07, 0xE0, 0x02, 0x01, 0x87, 0xE1, 0xF8, 0x06, 0x01, 0x80, 0x60, 0x18, 0x06, 0x01, 0x80, 0x60,
    0x18, 0x06, 0x01, 0x80, 0x60, 0x18, 0x0F, 0xC0, 0xFF, 0x0E, 0x1C, 0xE0, 0x61, 0x03, 0x00, 0x18,
    0x01, 0x80, 0x0C, 0x00, 0xC0, 0x0C, 0x00, 0xC0, 0x1C, 0x01, 0xC0, 0x18, 0x01, 0xFF, 0xCF, 0xFE,
    0x0F, 0xC0, 0xFF, 0x83, 0x07, 0x18, 0x0C, 0x00, 0x30, 0x01, 0x80, 0x7C, 0x01, 0xF0, 0x00, 0x70,
    0x00, 0xC0, 0x03, 0x08, 0x0C, 0x60, 0x30, 0xC1, 0xC3, 0xFE, 0x03, 0xE0, 0x00, 0xE0, 0x01, 0xC0,
    0x07, 0x80, 0x1B, 0x00, 0x76, 0x00, 0xCC, 0x03, 0x18, 0x0C, 0x30, 0x30, 0x60, 0xE0, 0xC1, 0xFF,
    0xF3, 0xFF, 0xE0, 0x06, 0x00, 0x0C, 0x00, 0x18, 0x00, 0x30, 0x1F, 0xF0, 0x7F, 0xC3, 0x00, 0x0C,
    0x00, 0x30, 0x00, 0xDF, 0x03, 0xFE, 0x0E, 0x1C, 0x10, 0x30, 0x00, 0xC0, 0x03, 0x80, 0x0C, 0x70,
    0x30, 0xC1, 0xC1, 0xFE, 0x03, 0xE0, 0x07, 0xC0, 0x3F, 0x81, 0x83, 0x0C, 0x00, 0x30, 0x00, 0xCF,
    0x03, 0xFE, 0x1E, 0x1C, 0x70, 0x39, 0xC0, 0x63, 0x01, 0x8C, 0x06, 0x30, 0x38, 0xE1, 0xC1, 0xFE,
    0x01, 0xF0, 0xFF, 0xEF, 0xFE, 0x00, 0x60, 0x0E, 0x00, 0xC0, 0x1C, 0x01, 0x80, 0x38, 0x03, 0x00,
    0x70, 0x06, 0x00, 0xE0, 0x0C, 0x01, 0xC0, 0x18, 0x03, 0x80, 0x07, 0xC0, 0x1F, 0xC0, 0x61, 0x80,
    0xC1, 0x81, 0x83, 0x03, 0x0C, 0x03, 0xF8, 0x0F, 0xF8, 0x38, 0x38, 0x60, 0x31, 0xC0, 0x63, 0x80,
    0xC3, 0x01, 0x87, 0x07, 0x07, 0xFC, 0x03, 0xE0, 0x07, 0xC0, 0x7F, 0x83, 0x87, 0x0C, 0x0E, 0x30,
    0x19, 0xC0, 0x63, 0x01, 0x8C, 0x0E, 0x38, 0x70, 0x7F, 0xC0, 0x7E, 0x00, 0x30, 0x01, 0xC0, 0x06,
    0x00, 0x38, 0x01, 0xC0, 0x73, 0x9C, 0x00, 0x00, 0x00, 0x03, 0x9C, 0xE0, 0x73, 0x9C, 0x00, 0x00,
    0x00, 0x03, 0x9C, 0xE2, 0x11, 0x80, 0x00, 0x10, 0x03, 0x80, 0x7C, 0x0F, 0x01, 0xE0, 0x3C, 0x01,
    0xE0, 0x07, 0xC0, 0x0F, 0x80, 0x0F, 0x80, 0x1C, 0x00, 0x20, 0x7F, 0xF9, 0xFF, 0xE0, 0x00, 0x00,
    0x00, 0x7F, 0xF9, 0xFF, 0xE0, 0x00, 0x00, 0x00, 0x00, 0x00, 0x40, 0x03, 0x80, 0x1F, 0x00, 0x1F,
    0x00, 0x3E, 0x00, 0x78, 0x01, 0xC0, 0x7C, 0x0F, 0x81, 0xF0, 0x1C, 0x00, 0x80, 0x00, 0x0F, 0x83,
    0xFC, 0x70, 0xE6, 0x06, 0x00, 0x60, 0x06, 0x00, 0xC0, 0x38, 0x07, 0x00, 0xE0, 0x0C, 0x00, 0x00,
    0x00, 0x00, 0xE0, 0x0E, 0x00, 0xE0, 0x01, 0xF0, 0x00, 0xFF, 0x80, 0x70, 0x1C, 0x0C, 0x01, 0x83,
    0x1F, 0x98, 0x47, 0xF1, 0x18, 0xC6, 0x23, 0x30, 0xC6, 0x66, 0x18, 0x8C, 0xE7, 0x30, 0x8F, 0xFE,
    0x18, 0xE7, 0x81, 0x80, 0x00, 0x38, 0x10, 0x01, 0xFE, 0x00, 0x0F, 0x80, 0x03, 0x80, 0x07, 0x00,
    0x1F, 0x00, 0x36, 0x00, 0x6C, 0x01, 0x8C, 0x03, 0x18, 0x0E, 0x38, 0x18, 0x30, 0x30, 0x60, 0xE0,
    0xE1, 0xFF, 0xC3, 0xFF, 0x8E, 0x03, 0x98, 0x03, 0x70, 0x07, 0x3F, 0xE0, 0x7F, 0xE0, 0xC0, 0xE1,
    0x80, 0xC3, 0x01, 0x86, 0x03, 0x0C, 0x0E, 0x1F, 0xF8, 0x3F, 0xF8, 0x60, 0x30, 0xC0, 0x71, 0x80,
    0x63, 0x01, 0xC6, 0x03, 0x0F, 0xFE, 0x1F, 0xF0, 0x03, 0xE0, 0x0F, 0xF8, 0x1C, 0x1C, 0x38, 0x0E,
    0x30, 0x00, 0x70, 0x00, 0x70, 0x00, 0x70, 0x00, 0x70, 0x00, 0x70, 0x00, 0x70, 0x00, 0x30, 0x00,
    0x38, 0x0E, 0x1C, 0x1C, 0x0F, 0xF8, 0x03, 0xF0, 0x3F, 0xC0, 0x3F, 0xF0, 0x30, 0x38, 0x30, 0x1C,
    0x30, 0x0C, 0x30, 0x0E, 0x30, 0x06, 0x30, 0x06, 0x30, 0x06, 0x30, 0x06, 0x30, 0x0E, 0x30, 0x0C,
    0x30, 0x1C, 0x30, 0x38, 0x3F, 0xF0, 0x3F, 0xC0, 0x3F, 0xF8, 0xFF, 0xE3, 0x00, 0x0C, 0x00, 0x30,
    0x00, 0xC0, 0x03, 0x00, 0x0F, 0xF0, 0x3F, 0xC0, 0xC0, 0x03, 0x00, 0x0C, 0x00, 0x30, 0x00, 0xC0,
    0x03, 0xFF, 0x8F, 0xFE, 0x3F, 0xF1, 0xFF, 0x8C, 0x00, 0x60, 0x03, 0x00, 0x18, 0x00, 0xC0, 0x07,
    0xFE, 0x3F, 0xF1, 0x80, 0x0C, 0x00, 0x60, 0x03, 0x00, 0x18, 0x00, 0xC0, 0x06, 0x00, 0x03, 0xF0,
    0x07, 0xFC, 0x07, 0x07, 0x07, 0x01, 0xC3, 0x00, 0x03, 0x80, 0x01, 0xC0, 0x00, 0xE0, 0xFC, 0x70,
    0x7E, 0x38, 0x03, 0x1C, 0x01, 0x86, 0x00, 0xC3, 0x80, 0xE0, 0xE0, 0xF0, 0x3F, 0xE8, 0x07, 0xC4,
    0x30, 0x0E, 0x18, 0x07, 0x0C, 0x03, 0x86, 0x01, 0xC3, 0x00, 0xE1, 0x80, 0x70, 0xC0, 0x38, 0x7F,
    0xFC, 0x3F, 0xFE, 0x18, 0x07, 0x0C, 0x03, 0x86, 0x01, 0xC3, 0x00, 0xE1, 0x80, 0x70, 0xC0, 0x38,
    0x60, 0x1C, 0x3F, 0x0F, 0xC0, 0xC0, 0x30, 0x0C, 0x03, 0x00, 0xC0, 0x30, 0x0C, 0x03, 0x00, 0xC0,
    0x30, 0x0C, 0x03, 0x03, 0xF0, 0xFC, 0x00, 0xC0, 0x0C, 0x00, 0xC0, 0x0C, 0x00, 0xC0, 0x0C, 0x00,
    0xC0, 0x0C, 0x00, 0xC0, 0x0C, 0x00, 0xCC, 0x0C, 0xE0, 0xC6, 0x1C, 0x7F, 0x81, 0xF0, 0x30, 0x1C,
    0x60, 0x70, 0xC1, 0xC1, 0x87, 0x03, 0x1C, 0x06, 0x70, 0x0D, 0xC0, 0x1B, 0xC0, 0x3D, 0x80, 0x73,
    0x80, 0xE3, 0x81, 0x83, 0x83, 0x07, 0x06, 0x07, 0x0C, 0x07, 0x18, 0x07, 0x30, 0x01, 0x80, 0x0C,
    0x00, 0x60, 0x03, 0x00, 0x18, 0x00, 0xC0, 0x06, 0x00, 0x30, 0x01, 0x80, 0x0C, 0x00, 0x60, 0x03,
    0x00, 0x18, 0x00, 0xFF, 0xE7, 0xFF, 0x3C, 0x03, 0xC3, 0xC0, 0x3C, 0x3C, 0x07, 0xC3, 0xE0, 0x6C,
    0x36, 0x06, 0xC3, 0x60, 0xEC, 0x37, 0x0C, 0xC3, 0x30, 0xCC, 0x33, 0x1C, 0xC3, 0x19, 0x8C, 0x31,
    0x98, 0xC3, 0x1B, 0x8C, 0x30, 0xF0, 0xC3, 0x0F, 0x0C, 0x30, 0xE0, 0xC3, 0x06, 0x0C, 0x38, 0x0E,
    0x1E, 0x07, 0x0F, 0x83, 0x86, 0xC1, 0xC3, 0x70, 0xE1, 0x98, 0x70, 0xCE, 0x38, 0x63, 0x1C, 0x31,
    0xCE, 0x18, 0x67, 0x0C, 0x3B, 0x86, 0x0D, 0xC3, 0x03, 0xE1, 0x81, 0xF0, 0xC0, 0x78, 0x60, 0x3C,
    0x03, 0xF0, 0x07, 0xFC, 0x07, 0x07, 0x07, 0x00, 0xC3, 0x00, 0x73, 0x80, 0x19, 0xC0, 0x0C, 0xE0,
    0x06, 0x70, 0x03, 0x38, 0x01, 0x9C, 0x00, 0xC6, 0x00, 0xE3, 0x80, 0x60, 0xE0, 0xE0, 0x3F, 0xE0,
    0x07, 0xE0, 0x3F, 0xE0, 0xFF, 0xC3, 0x03, 0x8C, 0x06, 0x30, 0x1C, 0xC0, 0x63, 0x01, 0x8C, 0x0E,
    0x3F, 0xF0, 0xFF, 0x03, 0x00, 0x0C, 0x00, 0x30, 0x00, 0xC0, 0x03, 0x00, 0x0C, 0x00, 0x03, 0xF0,
    0x01, 0xFF, 0x00, 0x70, 0x70, 0x1C, 0x07, 0x03, 0x00, 0x70, 0xE0, 0x06, 0x1C, 0x00, 0xC3, 0x82,
    0x18, 0x70, 0xE3, 0x0E, 0x1E, 0x61, 0xC0, 0xEC, 0x18, 0x0F, 0x83, 0x80, 0xE0, 0x38, 0x3E, 0x03,
    0xFE, 0xE0, 0x1F, 0x8E, 0x00, 0x00, 0x80, 0x3F, 0xE0, 0x7F, 0xF0, 0xC0, 0xE1, 0x80, 0xE3, 0x01,
    0xC6, 0x03, 0x8C, 0x0E, 0x1F, 0xFC, 0x3F, 0xE0, 0x63, 0x80, 0xC3, 0x01, 0x87, 0x03, 0x07, 0x06,
    0x06, 0x0C, 0x0E, 0x18, 0x0E, 0x0F, 0xC0, 0xFF, 0x83, 0x07, 0x9C, 0x08, 0x60, 0x01, 0xC0, 0x03,
    0xC0, 0x07, 0xF0, 0x03, 0xF0, 0x01, 0xE0, 0x01, 0x80, 0x06, 0x60, 0x19, 0xC0, 0xE3, 0xFF, 0x03,
    0xF0, 0xFF, 0xFB, 0xFF, 0xE0, 0x30, 0x00, 0xC0, 0x03, 0x00, 0x0C, 0x00, 0x30, 0x00, 0xC0, 0x03,
    0x00, 0x0C, 0x00, 0x30, 0x00, 0xC0, 0x03, 0x00, 0x0C, 0x00, 0x30, 0x00, 0xC0, 0x30, 0x0E, 0x18,
    0x07, 0x0C, 0x03, 0x86, 0x01, 0xC3, 0x00, 0xE1, 0x80, 0x70, 0xC0, 0x38, 0x60, 0x1C, 0x30, 0x0E,
    0x18, 0x07, 0x0C, 0x03, 0x86, 0x01, 0xC3, 0x80, 0xC0, 0xE0, 0xE0, 0x7F, 0xE0, 0x0F, 0xC0, 0xE0,
    0x1D, 0x80, 0x67, 0x01, 0x9C, 0x0E, 0x30, 0x30, 0xE0, 0xC3, 0x87, 0x06, 0x18, 0x18, 0x60, 0x73,
    0x80, 0xCC, 0x03, 0x30, 0x07, 0xC0, 0x1E, 0x00, 0x78, 0x00, 0xE0, 0xE0, 0x70, 0x76, 0x0F, 0x07,
    0x60, 0xF0, 0x67, 0x0F, 0x06, 0x70, 0xF0, 0xE3, 0x09, 0x8E, 0x31, 0x98, 0xC3, 0x19, 0x8C, 0x39,
    0x99, 0xC1, 0x98, 0xDC, 0x1B, 0x0D, 0x81, 0xB0, 0xD8, 0x1F, 0x0F, 0x80, 0xF0, 0x78, 0x0E, 0x07,
    0x00, 0xE0, 0x70, 0x70, 0x1C, 0x60, 0x30, 0xE0, 0xE0, 0xE3, 0x80, 0xCE, 0x01, 0xD8, 0x01, 0xF0,
    0x01, 0xC0, 0x03, 0x80, 0x0F, 0x80, 0x3B, 0x80, 0xE3, 0x01, 0x87, 0x07, 0x07, 0x1C, 0x07, 0x70,
    0x07, 0xE0, 0x1C, 0xE0, 0x30, 0xC0, 0xE1, 0xC1, 0x81, 0x86, 0x03, 0x9C, 0x03, 0x30, 0x03, 0xE0,
    0x07, 0x80, 0x06, 0x00, 0x0C, 0x00, 0x18, 0x00, 0x30, 0x00, 0x60, 0x00, 0xC0, 0x01, 0x80, 0x7F,
    0xF8, 0xFF, 0xF0, 0x00, 0xE0, 0x03, 0x80, 0x0E, 0x00, 0x18, 0x00, 0x70, 0x01, 0xC0, 0x07, 0x00,
    0x0C, 0x00, 0x38, 0x00, 0xE0, 0x03, 0x80, 0x06, 0x00, 0x1F, 0xFF, 0x3F, 0xFE, 0x3E, 0x3E, 0x30,
    0x30, 0x30, 0x30, 0x30, 0x30, 0x30, 0x30, 0x30, 0x30, 0x30, 0x30, 0x30, 0x30, 0x30, 0x30, 0x3E,
    0x3E, 0xE0, 0x30, 0x18, 0x06, 0x03, 0x01, 0xC0, 0x60, 0x30, 0x0C, 0x06, 0x03, 0x80, 0xC0, 0x60,
    0x18, 0x0C, 0x07, 0x7C, 0x7C, 0x0C, 0x0C, 0x0C, 0x0C, 0x0C, 0x0C, 0x0C, 0x0C, 0x0C, 0x0C, 0x0C,
    0x0C, 0x0C, 0x0C, 0x0C, 0x0C, 0x7C, 0x7C, 0x03, 0x00, 0x38, 0x01, 0xE0, 0x1B, 0x00, 0xDC, 0x0C,
    0x60, 0x61, 0x86, 0x0C, 0x70, 0x30, 0x00, 0x00, 0x00, 0x00, 0x00, 0x00, 0x00, 0x00, 0x00, 0x00,
    0x00, 0xFF, 0xBF, 0xE0, 0x60, 0xC1, 0x80, 0x00, 0x00, 0x00, 0x00, 0x00, 0x00, 0x00, 0x00, 0x00,
    0x00, 0x0F, 0x80, 0xFE, 0x0C, 0x38, 0x20, 0xC0, 0x06, 0x07, 0xF0, 0xF1, 0x8E, 0x0C, 0x60, 0x63,
    0x87, 0x1F, 0xF8, 0x3E, 0xC0, 0x30, 0x00, 0xC0, 0x03, 0x00, 0x0C, 0x00, 0x37, 0xC0, 0xFF, 0x83,
    0x87, 0x0C, 0x0C, 0x30, 0x38, 0xC0, 0xE3, 0x03, 0x8C, 0x0E, 0x30, 0x30, 0xE1, 0xC3, 0xFE, 0x09,
    0xF0, 0x0F, 0x81, 0xFC, 0x30, 0x67, 0x00, 0x60, 0x06, 0x00, 0x60, 0x06, 0x00, 0x70, 0x03, 0x06,
    0x1F, 0xC0, 0xF8, 0x00, 0x30, 0x00, 0xC0, 0x03, 0x00, 0x0C, 0x0F, 0x30, 0x7E, 0xC3, 0x07, 0x1C,
    0x1C, 0x60, 0x31, 0x80, 0xC6, 0x03, 0x18, 0x0C, 0x70, 0x70, 0xE1, 0xC3, 0xFB, 0x03, 0xCC, 0x0F,
    0x80, 0xFE, 0x0C, 0x18, 0xC0, 0x66, 0x03, 0x3F, 0xF9, 0xFF, 0xCC, 0x00, 0x70, 0x01, 0x83, 0x07,
    0xF8, 0x1F, 0x00, 0x0E, 0x3C, 0xE1, 0x83, 0x1F, 0xFF, 0x98, 0x30, 0x60, 0xC1, 0x83, 0x06, 0x0C,
    0x18, 0x30, 0x0F, 0x31, 0xFD, 0x8C, 0x1C, 0xE0, 0xE6, 0x03, 0x30, 0x19, 0x80, 0xCC, 0x06, 0x70,
    0x71, 0x83, 0x8F, 0xEC, 0x1E, 0x60, 0x03, 0x08, 0x30, 0xE1, 0x83, 0xF8, 0x07, 0x80, 0x30, 0x01,
    0x80, 0x0C, 0x00, 0x60, 0x03, 0x7C, 0x1F, 0xF0, 0xE1, 0x86, 0x0C, 0x30, 0x61, 0x83, 0x0C, 0x18,
    0x60, 0xC3, 0x06, 0x18, 0x30, 0xC1, 0x86, 0x0C, 0x18, 0x70, 0x60, 0x00, 0x0F, 0x1E, 0x0C, 0x18,
    0x30, 0x60, 0xC1, 0x83, 0x06, 0x0C, 0x18, 0x18, 0x1C, 0x18, 0x00, 0x00, 0x18, 0x18, 0x18, 0x18,
    0x18, 0x18, 0x18, 0x18, 0x18, 0x18, 0x18, 0x18, 0x18, 0x18, 0x38, 0x30, 0x30, 0x03, 0x00, 0x30,
    0x03, 0x00, 0x30, 0xE3, 0x1C, 0x33, 0x83, 0x70, 0x36, 0x03, 0xE0, 0x3F, 0x03, 0x30, 0x31, 0x83,
    0x1C, 0x30, 0xC3, 0x07, 0x30, 0xC3, 0x0C, 0x30, 0xC3, 0x0C, 0x30, 0xC3, 0x0C, 0x30, 0xC3, 0x8E,
    0x27, 0x8F, 0x83, 0xFD, 0xFC, 0x38, 0xF0, 0xC3, 0x06, 0x0C, 0x30, 0x60, 0xE3, 0x06, 0x06, 0x30,
    0x60, 0x63, 0x06, 0x06, 0x30, 0x60, 0x63, 0x06, 0x06, 0x30, 0x60, 0x63, 0x06, 0x06, 0x27, 0xC1,
    0xFF, 0x0E, 0x18, 0x60, 0xC3, 0x06, 0x18, 0x30, 0xC1, 0x86, 0x0C, 0x30, 0x61, 0x83, 0x0C, 0x18,
    0x60, 0xC0, 0x0F, 0x80, 0xFF, 0x0E, 0x18, 0xE0, 0x66, 0x03, 0x30, 0x19, 0x80, 0xCC, 0x06, 0x70,
    0x31, 0xC3, 0x07, 0xF8, 0x1F, 0x00, 0x27, 0xC0, 0xFF, 0x83, 0x87, 0x0C, 0x0C, 0x30, 0x38, 0xC0,
    0xE3, 0x03, 0x8C, 0x0E, 0x30, 0x30, 0xE1, 0xC3, 0xFE, 0x0D, 0xF0, 0x30, 0x00, 0xC0, 0x03, 0x00,
    0x0C, 0x00, 0x0F, 0x30, 0x1F, 0xB0, 0x38, 0x70, 0x70, 0x70, 0x60, 0x30, 0x60, 0x30, 0x60, 0x30,
    0x60, 0x30, 0x70, 0x70, 0x38, 0x70, 0x1F, 0xB0, 0x0F, 0x30, 0x00, 0x30, 0x00, 0x30, 0x00, 0x3E,
    0x00, 0x1E, 0x23, 0x1F, 0x8E, 0x06, 0x03, 0x01, 0x80, 0xC0, 0x60, 0x30, 0x18, 0x0C, 0x06, 0x00,
    0x1F, 0x07, 0xF1, 0x83, 0x30, 0x07, 0x00, 0x7E, 0x01, 0xF0, 0x06, 0x20, 0x6C, 0x18, 0xFF, 0x0F,
    0x80, 0x38, 0x38, 0x38, 0xFE, 0xFE, 0x38, 0x38, 0x38, 0x38, 0x38, 0x38, 0x38, 0x38, 0x1E, 0x1E,
    0x30, 0x61, 0x83, 0x0C, 0x18, 0x60, 0xC3, 0x06, 0x18, 0x30, 0xC1, 0x86, 0x0C, 0x30, 0x61, 0x87,
    0x0F, 0xF8, 0x3E, 0x40, 0xC0, 0xEC, 0x19, 0x83, 0x30, 0xC3, 0x18, 0x63, 0x0C, 0xC0, 0xD8, 0x1B,
    0x03, 0xC0, 0x38, 0x07, 0x00, 0xC1, 0x87, 0xE3, 0x86, 0x63, 0xC6, 0x63, 0xC6, 0x62, 0xCC, 0x36,
    0x4C, 0x36, 0x6C, 0x34, 0x6C, 0x34, 0x78, 0x1C, 0x38, 0x1C, 0x38, 0x18, 0x30, 0xE0, 0xE7, 0x1C,
    0x31, 0x81, 0xB0, 0x1F, 0x00, 0xE0, 0x0E, 0x01, 0xF0, 0x3B, 0x83, 0x18, 0x60, 0xCE, 0x0E, 0xC0,
    0xCC, 0x19, 0x86, 0x30, 0xC3, 0x18, 0x66, 0x0C, 0xC0, 0xD8, 0x1E, 0x03, 0xC0, 0x38, 0x06, 0x00,
    0xC0, 0x18, 0x1E, 0x03, 0x80, 0x7F, 0xCF, 0xF8, 0x07, 0x01, 0xC0, 0x30, 0x0C, 0x03, 0x00, 0xC0,
    0x38, 0x06, 0x01, 0xFF, 0x3F, 0xE0, 0x1E, 0x1E, 0x18, 0x18, 0x18, 0x18, 0x18, 0x18, 0x30, 0x70,
    0x70, 0x30, 0x18, 0x18, 0x18, 0x18, 0x18, 0x18, 0x1E, 0x1E, 0x30, 0xC3, 0x0C, 0x30, 0xC3, 0x0C,
    0x30, 0xC3, 0x0C, 0x30, 0xC3, 0x0C, 0x30, 0xC3, 0x0C, 0x70, 0x78, 0x18, 0x18, 0x18, 0x18, 0x18,
    0x18, 0x18, 0x0E, 0x0E, 0x18, 0x18, 0x18, 0x18, 0x18, 0x18, 0x18, 0x78, 0x70, 0x3E, 0x33, 0xFF,
    0x98, 0x78, 0x00, 0x00, 0x00, 0x00, 0x00, 0x00, 0x00, 0x00,
};

inline constexpr FontGlyph kAtkinsonHL24Glyphs[] = {
    {0, 0, 0, 7, 0, 0},  // 'space'
    {0, 7, 16, 7, 0, -16},  // '!'
    {14, 7, 16, 7, 0, -16},  // '"'
    {28, 16, 16, 16, 0, -16},  // '#'
    {60, 14, 20, 14, 0, -18},  // '$'
    {95, 22, 16, 22, 0, -16},  // '%'
    {139, 17, 16, 17, 0, -16},  // '&'
    {173, 4, 16, 4, 0, -16},  // '''
    {181, 7, 20, 7, 0, -16},  // '('
    {199, 7, 20, 7, 0, -16},  // ')'
    {217, 10, 16, 10, 0, -16},  // '*'
    {237, 14, 12, 14, 0, -12},  // '+'
    {258, 5, 6, 5, 0, -3},  // ','
    {262, 9, 7, 9, 0, -7},  // '-'
    {270, 5, 3, 5, 0, -3},  // '.'
    {272, 9, 16, 9, 0, -16},  // '/'
    {290, 16, 16, 16, 0, -16},  // '0'
    {322, 10, 16, 10, 0, -16},  // '1'
    {342, 13, 16, 13, 0, -16},  // '2'
    {368, 14, 16, 14, 0, -16},  // '3'
    {396, 15, 16, 15, 0, -16},  // '4'
    {426, 14, 16, 14, 0, -16},  // '5'
    {454, 14, 16, 14, 0, -16},  // '6'
    {482, 12, 16, 12, 0, -16},  // '7'
    {506, 15, 16, 15, 0, -16},  // '8'
    {536, 14, 16, 14, 0, -16},  // '9'
    {564, 5, 12, 5, 0, -12},  // ':'
    {572, 5, 15, 5, 0, -12},  // ';'
    {582, 13, 12, 13, 0, -12},  // '<'
    {602, 14, 9, 14, 0, -9},  // '='
    {618, 13, 12, 13, 0, -12},  // '>'
    {638, 12, 16, 12, 0, -16},  // '?'
    {662, 19, 16, 19, 0, -16},  // '@'
    {700, 15, 16, 15, 0, -16},  // 'A'
    {730, 15, 16, 15, 0, -16},  // 'B'
    {760, 16, 16, 16, 0, -16},  // 'C'
    {792, 16, 16, 16, 0, -16},  // 'D'
    {824, 14, 16, 14, 0, -16},  // 'E'
    {852, 13, 16, 13, 0, -16},  // 'F'
    {878, 17, 16, 17, 0, -16},  // 'G'
    {912, 17, 16, 17, 0, -16},  // 'H'
    {946, 10, 16, 10, 0, -16},  // 'I'
    {966, 12, 16, 12, 0, -16},  // 'J'
    {990, 15, 16, 15, 0, -16},  // 'K'
    {1020, 13, 16, 13, 0, -16},  // 'L'
    {1046, 20, 16, 20, 0, -16},  // 'M'
    {1086, 17, 16, 17, 0, -16},  // 'N'
    {1120, 17, 16, 17, 0, -16},  // 'O'
    {1154, 14, 16, 14, 0, -16},  // 'P'
    {1182, 19, 17, 18, 0, -16},  // 'Q'
    {1223, 15, 16, 15, 0, -16},  // 'R'
    {1253, 14, 16, 14, 0, -16},  // 'S'
    {1281, 14, 16, 13, 0, -16},  // 'T'
    {1309, 17, 16, 17, 0, -16},  // 'U'
    {1343, 14, 16, 14, 0, -16},  // 'V'
    {1371, 20, 16, 20, 0, -16},  // 'W'
    {1411, 15, 16, 15, 0, -16},  // 'X'
    {1441, 15, 16, 14, 0, -16},  // 'Y'
    {1471, 15, 16, 15, 0, -16},  // 'Z'
    {1501, 8, 20, 8, 0, -16},  // '['
    {1521, 9, 16, 9, 0, -16},  // '0x5C'
    {1539, 8, 20, 8, 0, -16},  // ']'
    {1559, 13, 16, 13, 0, -16},  // '^'
    {1585, 10, 2, 10, 0, 0},  // '_'
    {1588, 6, 17, 6, 0, -17},  // '`'
    {1601, 13, 12, 13, 0, -12},  // 'a'
    {1621, 14, 16, 14, 0, -16},  // 'b'
    {1649, 12, 12, 12, 0, -12},  // 'c'
    {1667, 14, 16, 14, 0, -16},  // 'd'
    {1695, 13, 12, 13, 0, -12},  // 'e'
    {1715, 7, 17, 7, 0, -17},  // 'f'
    {1730, 13, 17, 13, 0, -12},  // 'g'
    {1758, 13, 16, 13, 0, -16},  // 'h'
    {1784, 7, 17, 7, 0, -17},  // 'i'
    {1799, 8, 21, 6, -2, -17},  // 'j'
    {1820, 12, 16, 12, 0, -16},  // 'k'
    {1844, 6, 16, 6, 0, -16},  // 'l'
    {1856, 20, 12, 20, 0, -12},  // 'm'
    {1886, 13, 12, 13, 0, -12},  // 'n'
    {1906, 13, 12, 13, 0, -12},  // 'o'
    {1926, 14, 16, 14, 0, -12},  // 'p'
    {1954, 16, 16, 14, 0, -12},  // 'q'
    {1986, 9, 12, 8, 0, -12},  // 'r'
    {2000, 11, 12, 11, 0, -12},  // 's'
    {2017, 8, 15, 8, 0, -15},  // 't'
    {2032, 13, 12, 13, 0, -12},  // 'u'
    {2052, 11, 12, 11, 0, -12},  // 'v'
    {2069, 16, 12, 16, 0, -12},  // 'w'
    {2093, 12, 12, 11, 0, -12},  // 'x'
    {2111, 11, 16, 10, 0, -12},  // 'y'
    {2133, 11, 12, 11, 0, -12},  // 'z'
    {2150, 8, 20, 8, 0, -16},  // '{'
    {2170, 6, 20, 6, 0, -16},  // '|'
    {2185, 8, 20, 8, 0, -16},  // '}'
    {2205, 13, 8, 13, 0, -8},  // '~'
};

inline constexpr BitmapFont kAtkinsonHL24Font = {
    kAtkinsonHL24Bitmap, kAtkinsonHL24Glyphs, 0x0020, 0x007E, 30, 23, 22, 21, 1};

inline constexpr uint8_t kAtkinsonHL28Bitmap[] = {
    0x18, 0x18, 0x18, 0x18, 0x18, 0x18, 0x18, 0x18, 0x18, 0x18, 0x18, 0x18, 0x18, 0x00, 0x00, 0x18,
    0x3C, 0x3C, 0x18, 0x66, 0x66, 0x66, 0x66, 0x66, 0x66, 0x00, 0x00, 0x00, 0x00, 0x00, 0x00, 0x00,
    0x00, 0x00, 0x00, 0x00, 0x00, 0x00, 0x03, 0x8E, 0x00, 0xE3, 0x00, 0x30, 0xC0, 0x0C, 0x30, 0x03,
    0x0C, 0x0F, 0xFF, 0xE3, 0xFF, 0xF8, 0x1C, 0x60, 0x07, 0x18, 0x01, 0x86, 0x00, 0x61, 0x80, 0x18,
    0x60, 0x7F, 0xFF, 0x1F, 0xFF, 0xC0, 0xE3, 0x80, 0x38, 0xC0, 0x0C, 0x30, 0x03, 0x0C, 0x00, 0xC3,
    0x00, 0x01, 0x80, 0x00, 0xC0, 0x01, 0xF8, 0x03, 0xFF, 0x03, 0xDB, 0xC1, 0x8C, 0x71, 0xC6, 0x00,
    0xE3, 0x00, 0x79, 0x80, 0x1E, 0xC0, 0x07, 0xF0, 0x01, 0xFF, 0x00, 0x1F, 0xC0, 0x0C, 0xF0, 0x06,
    0x38, 0x03, 0x0E, 0x31, 0x86, 0x38, 0xC7, 0x0F, 0x67, 0x83, 0xFF, 0x80, 0x7F, 0x00, 0x0C, 0x00,
    0x06, 0x00, 0x0F, 0x00, 0x38, 0x07, 0xF0, 0x1C, 0x03, 0x8E, 0x06, 0x01, 0xC1, 0x83, 0x00, 0x60,
    0x61, 0xC0, 0x18, 0x18, 0x60, 0x07, 0x06, 0x30, 0x00, 0xE3, 0x9C, 0x00, 0x3F, 0xCE, 0x00, 0x03,
    0xC3, 0x1F, 0x00, 0x01, 0xCF, 0xE0, 0x00, 0xE7, 0x1C, 0x00, 0x31, 0x83, 0x80, 0x18, 0x60, 0x60,
    0x0E, 0x18, 0x18, 0x03, 0x06, 0x0E, 0x01, 0x81, 0xC7, 0x00, 0xE0, 0x3F, 0x80, 0x70, 0x03, 0xC0,
    0x03, 0xE0, 0x00, 0x7F, 0x80, 0x0E, 0x1C, 0x00, 0xC1, 0xC0, 0x0C, 0x1C, 0x00, 0xE1, 0xC0, 0x07,
    0x38, 0x00, 0x7F, 0x00, 0x07, 0xE0, 0x01, 0xFC, 0x18, 0x3C, 0xE3, 0x83, 0x07, 0x38, 0x70, 0x3B,
    0x07, 0x01, 0xF0, 0x70, 0x0E, 0x07, 0x00, 0xF0, 0x38, 0x3F, 0x81, 0xFF, 0x1C, 0x0F, 0xE0, 0xE0,
    0x66, 0x66, 0x66, 0x00, 0x00, 0x00, 0x00, 0x00, 0x00, 0x00, 0x0E, 0x0C, 0x18, 0x18, 0x30, 0x30,
    0x30, 0x30, 0x30, 0x60, 0x60, 0x60, 0x70, 0x30, 0x30, 0x30, 0x30, 0x38, 0x18, 0x18, 0x0C, 0x0C,
    0x06, 0x30, 0x18, 0x18, 0x0C, 0x0C, 0x0C, 0x0E, 0x06, 0x06, 0x06, 0x06, 0x06, 0x06, 0x06, 0x06,
    0x0C, 0x0C, 0x0C, 0x1C, 0x18, 0x18, 0x30, 0x70, 0x06, 0x00, 0x60, 0x36, 0xC3, 0xFC, 0x06, 0x00,
    0xF0, 0x19, 0x80, 0x90, 0x00, 0x00, 0x00, 0x00, 0x00, 0x00, 0x00, 0x00, 0x00, 0x00, 0x00, 0x00,
    0x00, 0x00, 0x00, 0x00, 0x00, 0x01, 0xC0, 0x00, 0xE0, 0x00, 0x70, 0x00, 0x38, 0x00, 0x1C, 0x00,
    0x0E, 0x01, 0xFF, 0xF8, 0xFF, 0xFC, 0x01, 0xC0, 0x00, 0xE0, 0x00, 0x70, 0x00, 0x38, 0x00, 0x1C,
    0x00, 0x0E, 0x00, 0x31, 0xE7, 0x8C, 0x30, 0x86, 0x00, 0x7F, 0x9F, 0xE0, 0x00, 0x00, 0x00, 0x00,
    0x00, 0x00, 0x00, 0x00, 0x00, 0x31, 0xE7, 0x8C, 0x01, 0xC0, 0x38, 0x06, 0x01, 0xC0, 0x30, 0x06,
    0x01, 0xC0, 0x30, 0x0E, 0x01, 0xC0, 0x30, 0x0E, 0x01, 0x80, 0x30, 0x0E, 0x01, 0x80, 0x70, 0x0C,
    0x03, 0x80, 0x00, 0x03, 0xF0, 0x03, 0xFF, 0x00, 0xE1, 0xE0, 0x70, 0x38, 0x3E, 0x07, 0x0F, 0xC1,
    0xC3, 0x30, 0x30, 0xCE, 0x0C, 0x31, 0xC3, 0x0C, 0x38, 0xC3, 0x0E, 0x30, 0xC1, 0xCC, 0x38, 0x3B,
    0x0E, 0x07, 0xC3, 0x81, 0xF0, 0x70, 0x38, 0x0E, 0x1E, 0x03, 0xFF, 0x00, 0x3F, 0x00, 0x01, 0x80,
    0x70, 0x1E, 0x3F, 0xC7, 0xF8, 0x07, 0x00, 0xE0, 0x1C, 0x03, 0x80, 0x70, 0x0E, 0x01, 0xC0, 0x38,
    0x07, 0x00, 0xE0, 0x1C, 0x03, 0x80, 0x70, 0x0E, 0x00, 0x07, 0xE0, 0x3F, 0xE0, 0x70, 0xE1, 0xC0,
    0xE3, 0x01, 0xC0, 0x03, 0x80, 0x07, 0x00, 0x0C, 0x00, 0x38, 0x00, 0x60, 0x01, 0xC0, 0x07, 0x00,
    0x1C, 0x00, 0xE0, 0x03, 0x80, 0x0E, 0x00, 0x38, 0x00, 0xFF, 0xF9, 0xFF, 0xF0, 0x07, 0xE0, 0x1F,
    0xF8, 0x3C, 0x38, 0x30, 0x1C, 0x70, 0x1C, 0x00, 0x1C, 0x00, 0x18, 0x00, 0x78, 0x03, 0xF0, 0x03,
    0xF0, 0x00, 0x38, 0x00, 0x1C, 0x00, 0x0C, 0x00, 0x0C, 0x70, 0x0C, 0x30, 0x1C, 0x3C, 0x38, 0x1F,
    0xF0, 0x07, 0xE0, 0x00, 0x38, 0x00, 0x3C, 0x00, 0x3E, 0x00, 0x1F, 0x00, 0x1B, 0x80, 0x1D, 0xC0,
    0x1C, 0xE0, 0x0C, 0x70, 0x0C, 0x38, 0x0E, 0x1C, 0x0E, 0x0E, 0x0E, 0x07, 0x07, 0xFF, 0xF3, 0xFF,
    0xF8, 0x00, 0xE0, 0x00, 0x70, 0x00, 0x38, 0x00, 0x1C, 0x00, 0x0E, 0x00, 0x1F, 0xFC, 0x1F, 0xFC,
    0x18, 0x00, 0x18, 0x00, 0x18, 0x00, 0x38, 0x00, 0x3B, 0xE0, 0x3F, 0xF8, 0x3C, 0x38, 0x38, 0x1C,
    0x00, 0x0C, 0x00, 0x0E, 0x00, 0x0E, 0x00, 0x0E, 0x30, 0x0C, 0x38, 0x1C, 0x3C, 0x38, 0x1F, 0xF0,
    0x07, 0xE0, 0x03, 0xF0, 0x03, 0xFC, 0x03, 0x87, 0x03, 0x82, 0x01, 0x80, 0x01, 0xC0, 0x00, 0xCF,
    0xC0, 0x6F, 0xF0, 0x3C, 0x3C, 0x1C, 0x06, 0x0E, 0x03, 0x86, 0x01, 0xC3, 0x00, 0x61, 0x80, 0x70,
    0xE0, 0x38, 0x30, 0x18, 0x1E, 0x3C, 0x07, 0xFC, 0x00, 0xF8, 0x00, 0xFF, 0xFB, 0xFF, 0xE0, 0x03,
    0x80, 0x0E, 0x00, 0x30, 0x01, 0xC0, 0x06, 0x00, 0x38, 0x00, 0xC0, 0x07, 0x00, 0x18, 0x00, 0xE0,
    0x03, 0x80, 0x1C, 0x00, 0x70, 0x03, 0x80, 0x0E, 0x00, 0x70, 0x01, 0xC0, 0x00, 0x03, 0xE0, 0x03,
    0xF8, 0x03, 0x8E, 0x01, 0x83, 0x00, 0xC0, 0xC0, 0x60, 0x60, 0x30, 0x60, 0x1C, 0x70, 0x07, 0xF0,
    0x07, 0xFE, 0x07, 0x07, 0x87, 0x01, 0xC3, 0x00, 0x61, 0x80, 0x38, 0xC0, 0x18, 0x70, 0x1C, 0x1C,
    0x1E, 0x07, 0xFE, 0x01, 0xFC, 0x00, 0x03, 0xE0, 0x07, 0xFC, 0x07, 0x8F, 0x07, 0x01, 0x83, 0x80,
    0xE1, 0x80, 0x30, 0xC0, 0x18, 0x60, 0x0C, 0x38, 0x0E, 0x1C, 0x06, 0x07, 0x0F, 0x01, 0xFF, 0x00,
    0x3F, 0x80, 0x01, 0x80, 0x01, 0xC0, 0x01, 0xC0, 0x00, 0xC0, 0x00, 0xE0, 0x00, 0xE0, 0x00, 0x31,
    0xE7, 0x8C, 0x00, 0x00, 0x00, 0x00, 0x03, 0x1E, 0x78, 0xC0, 0x31, 0xE7, 0x8C, 0x00, 0x00, 0x00,
    0x00, 0x00, 0x0C, 0x79, 0xE3, 0x0C, 0x21, 0x80, 0x00, 0x04, 0x00, 0x38, 0x01, 0xF0, 0x0F, 0x80,
    0x7C, 0x07, 0xE0, 0x1E, 0x00, 0x3C, 0x00, 0x3E, 0x00, 0x1F, 0x80, 0x07, 0xC0, 0x03, 0xE0, 0x01,
    0xC0, 0x00, 0x80, 0x7F, 0xFE, 0x3F, 0xFF, 0x00, 0x00, 0x00, 0x00, 0x00, 0x00, 0x03, 0xFF, 0xF1,
    0xFF, 0xF8, 0x00, 0x00, 0x00, 0x00, 0x00, 0x00, 0x00, 0x00, 0x00, 0x40, 0x00, 0xE0, 0x01, 0xF0,
    0x00, 0xFC, 0x00, 0x7E, 0x00, 0x1F, 0x00, 0x0F, 0x00, 0x1E, 0x00, 0xF8, 0x07, 0xC0, 0x7E, 0x03,
    0xF0, 0x07, 0x00, 0x08, 0x00, 0x00, 0x0F, 0xC0, 0x3F, 0xE0, 0xE1, 0xE3, 0x81, 0xC7, 0x01, 0x80,
    0x03, 0x00, 0x0E, 0x00, 0x38, 0x01, 0xE0, 0x07, 0x00, 0x1C, 0x00, 0x38, 0x00, 0x70, 0x00, 0x00,
    0x00, 0x00, 0x03, 0x80, 0x07, 0x00, 0x0E, 0x00, 0x1C, 0x00, 0x00, 0xFC, 0x00, 0x0F, 0xFC, 0x00,
    0x70, 0x3C, 0x03, 0x00, 0x38, 0x18, 0x00, 0x60, 0xC1, 0xF8, 0xC3, 0x1F, 0xE3, 0x08, 0x71, 0x84,
    0x63, 0x86, 0x11, 0x8C, 0x18, 0x46, 0x30, 0xE3, 0x08, 0xE3, 0x8C, 0x31, 0xFF, 0xE0, 0xC3, 0xCF,
    0x01, 0x80, 0x00, 0x03, 0x00, 0x00, 0x07, 0x02, 0x00, 0x0F, 0xF8, 0x00, 0x0F, 0xC0, 0x00, 0x01,
    0xC0, 0x00, 0x78, 0x00, 0x3E, 0x00, 0x0F, 0xC0, 0x03, 0x70, 0x01, 0xCC, 0x00, 0x63, 0x80, 0x18,
    0xE0, 0x0E, 0x18, 0x03, 0x07, 0x01, 0xC1, 0xC0, 0x70, 0x30, 0x18, 0x0E, 0x0F, 0xFF, 0x83, 0xFF,
    0xF0, 0xC0, 0x1C, 0x70, 0x03, 0x1C, 0x00, 0xEE, 0x00, 0x38, 0x3F, 0xF8, 0x1F, 0xFE, 0x0E, 0x07,
    0x87, 0x01, 0xC3, 0x80, 0x61, 0xC0, 0x30, 0xE0, 0x38, 0x70, 0x1C, 0x3F, 0xFC, 0x1F, 0xFF, 0x0E,
    0x03, 0x87, 0x00, 0xE3, 0x80, 0x71, 0xC0, 0x18, 0xE0, 0x1C, 0x70, 0x0E, 0x38, 0x0E, 0x1F, 0xFE,
    0x0F, 0xFE, 0x00, 0x01, 0xF8, 0x01, 0xFF, 0x80, 0xF0, 0xF0, 0x70, 0x0E, 0x38, 0x01, 0x0E, 0x00,
    0x03, 0x00, 0x00, 0xC0, 0x00, 0x70, 0x00, 0x1C, 0x00, 0x07, 0x00, 0x00, 0xC0, 0x00, 0x38, 0x00,
    0x0E, 0x00, 0x03, 0x80, 0x10, 0x70, 0x0E, 0x0F, 0x0F, 0x01, 0xFF, 0x80, 0x1F, 0x80, 0x3F, 0xE0,
    0x07, 0xFF, 0x80, 0xE0, 0x78, 0x1C, 0x03, 0x83, 0x80, 0x38, 0x70, 0x07, 0x0E, 0x00, 0xE1, 0xC0,
    0x0C, 0x38, 0x01, 0x87, 0x00, 0x30, 0xE0, 0x06, 0x1C, 0x00, 0xC3, 0x80, 0x38, 0x70, 0x07, 0x0E,
    0x00, 0xE1, 0xC0, 0x38, 0x38, 0x1E, 0x07, 0xFF, 0x80, 0xFF, 0xC0, 0x00, 0x3F, 0xFE, 0x3F, 0xFE,
    0x38, 0x00, 0x38, 0x00, 0x38, 0x00, 0x38, 0x00, 0x38, 0x00, 0x38, 0x00, 0x3F, 0xF0, 0x3F, 0xF0,
    0x38, 0x00, 0x38, 0x00, 0x38, 0x00, 0x38, 0x00, 0x38, 0x00, 0x38, 0x00, 0x38, 0x00, 0x3F, 0xFE,
    0x3F, 0xFE, 0x3F, 0xFC, 0x7F, 0xF8, 0xE0, 0x01, 0xC0, 0x03, 0x80, 0x07, 0x00, 0x0E, 0x00, 0x1C,
    0x00, 0x3F, 0xFC, 0x7F, 0xF8, 0xE0, 0x01, 0xC0, 0x03, 0x80, 0x07, 0x00, 0x0E, 0x00, 0x1C, 0x00,
    0x38, 0x00, 0x70, 0x00, 0xE0, 0x00, 0x01, 0xF8, 0x00, 0x7F, 0xE0, 0x0F, 0x0F, 0x01, 0xC0, 0x38,
    0x38, 0x01, 0x03, 0x80, 0x00, 0x30, 0x00, 0x03, 0x00, 0x00, 0x70, 0x00, 0x07, 0x03, 0xFC, 0x70,
    0x3F, 0xC3, 0x00, 0x1C, 0x30, 0x01, 0xC3, 0x80, 0x1C, 0x38, 0x01, 0xC1, 0xC0, 0x3C, 0x0F, 0x0F,
    0xC0, 0x7F, 0xEC, 0x01, 0xF8, 0xC0, 0x38, 0x01, 0x87, 0x00, 0x30, 0xE0, 0x06, 0x1C, 0x00, 0xC3,
    0x80, 0x18, 0x70, 0x03, 0x0E, 0x00, 0x61, 0xC0, 0x0C, 0x3F, 0xFF, 0x87, 0xFF, 0xF0, 0xE0, 0x06,
    0x1C, 0x00, 0xC3, 0x80, 0x18, 0x70, 0x03, 0x0E, 0x00, 0x61, 0xC0, 0x0C, 0x38, 0x01, 0x87, 0x00,
    0x30, 0xE0, 0x06, 0x00, 0x3F, 0xC3, 0xFC, 0x0E, 0x00, 0xE0, 0x0E, 0x00, 0xE0, 0x0E, 0x00, 0xE0,
    0x0E, 0x00, 0xE0, 0x0E, 0x00, 0xE0, 0x0E, 0x00, 0xE0, 0x0E, 0x00, 0xE0, 0x0E, 0x03, 0xFC, 0x3F,
    0xC0, 0x00, 0x30, 0x00, 0xC0, 0x03, 0x00, 0x0C, 0x00, 0x30, 0x00, 0xC0, 0x03, 0x00, 0x0C, 0x00,
    0x30, 0x00, 0xC0, 0x03, 0x00, 0x0C, 0x00, 0x33, 0x81, 0xCE, 0x07, 0x1C, 0x1C, 0x78, 0xE0, 0xFF,
    0x01, 0xF8, 0x00, 0x38, 0x07, 0x0E, 0x03, 0x83, 0x81, 0xC0, 0xE0, 0xE0, 0x38, 0x70, 0x0E, 0x3C,
    0x03, 0x9E, 0x00, 0xE7, 0x00, 0x3B, 0xC0, 0x0F, 0xF0, 0x03, 0xEE, 0x00, 0xF1, 0xC0, 0x38, 0x78,
    0x0E, 0x0E, 0x03, 0x81, 0xC0, 0xE0, 0x38, 0x38, 0x0E, 0x0E, 0x01, 0xC3, 0x80, 0x38, 0x38, 0x00,
    0x70, 0x00, 0xE0, 0x01, 0xC0, 0x03, 0x80, 0x07, 0x00, 0x0E, 0x00, 0x1C, 0x00, 0x38, 0x00, 0x70,
    0x00, 0xE0, 0x01, 0xC0, 0x03, 0x80, 0x07, 0x00, 0x0E, 0x00, 0x1C, 0x00, 0x38, 0x00, 0x7F, 0xFC,
    0xFF, 0xF8, 0x3E, 0x00, 0xF8, 0x7C, 0x01, 0xF0, 0xF8, 0x03, 0xE1, 0xF8, 0x0F, 0xC3, 0xF0, 0x1F,
    0x87, 0x60, 0x37, 0x0E, 0xE0, 0xEE, 0x1D, 0xC1, 0xDC, 0x39, 0x83, 0x38, 0x73, 0x8E, 0x70, 0xE7,
    0x1C, 0xE1, 0xC6, 0x31, 0xC3, 0x8E, 0xE3, 0x87, 0x1D, 0xC7, 0x0E, 0x1B, 0x0E, 0x1C, 0x3E, 0x1C,
    0x38, 0x7C, 0x38, 0x70, 0x70, 0x70, 0xE0, 0xE0, 0xE0, 0x3C, 0x01, 0x87, 0xC0, 0x30, 0xF8, 0x06,
    0x1F, 0x80, 0xC3, 0xB0, 0x18, 0x77, 0x03, 0x0E, 0x60, 0x61, 0xCE, 0x0C, 0x38, 0xC1, 0x87, 0x1C,
    0x30, 0xE1, 0xC6, 0x1C, 0x38, 0xC3, 0x83, 0x98, 0x70, 0x73, 0x0E, 0x07, 0x61, 0xC0, 0xEC, 0x38,
    0x0F, 0x87, 0x01, 0xF0, 0xE0, 0x1E, 0x00, 0x01, 0xF8, 0x00, 0x7F, 0xE0, 0x0F, 0x0F, 0x01, 0xC0,
    0x38, 0x18, 0x01, 0xC3, 0x80, 0x1C, 0x30, 0x00, 0xE3, 0x00, 0x0E, 0x70, 0x00, 0xE7, 0x00, 0x0E,
    0x70, 0x00, 0xE3, 0x00, 0x0E, 0x38, 0x00, 0xE3, 0x80, 0x1C, 0x18, 0x01, 0xC1, 0xC0, 0x38, 0x0F,
    0x0F, 0x00, 0x7F, 0xE0, 0x01, 0xF8, 0x00, 0x3F, 0xF0, 0x1F, 0xFE, 0x0E, 0x07, 0x87, 0x00, 0xE3,
    0x80, 0x71, 0xC0, 0x38, 0xE0, 0x1C, 0x70, 0x0E, 0x38, 0x0E, 0x1F, 0xFE, 0x0F, 0xFC, 0x07, 0x00,
    0x03, 0x80, 0x01, 0xC0, 0x00, 0xE0, 0x00, 0x70, 0x00, 0x38, 0x00, 0x1C, 0x00, 0x0E, 0x00, 0x00,
    0x01, 0xF8, 0x00, 0x1F, 0xF8, 0x00, 0xF0, 0xF0, 0x07, 0x00, 0xE0, 0x18, 0x01, 0xC0, 0xE0, 0x07,
    0x03, 0x00, 0x0E, 0x0C, 0x00, 0x38, 0x70, 0x00, 0xE1, 0xC0, 0xC3, 0x87, 0x07, 0x8E, 0x0C, 0x0F,
    0x38, 0x38, 0x1E, 0xE0, 0xE0, 0x3F, 0x01, 0x80, 0x7C, 0x07, 0x00, 0xF0, 0x0F, 0x0F, 0xE0, 0x1F,
    0xF9, 0xC0, 0x1F, 0x83, 0x80, 0x00, 0x04, 0x3F, 0xF0, 0x1F, 0xFE, 0x0E, 0x07, 0x87, 0x00, 0xE3,
    0x80, 0x71, 0xC0, 0x38, 0xE0, 0x1C, 0x70, 0x0E, 0x38, 0x0E, 0x1F, 0xFE, 0x0F, 0xFE, 0x07, 0x1C,
    0x03, 0x87, 0x01, 0xC3, 0xC0, 0xE0, 0xE0, 0x70, 0x38, 0x38, 0x1E, 0x1C, 0x07, 0x0E, 0x01, 0xC0,
    0x07, 0xE0, 0x0F, 0xFC, 0x0F, 0x0F, 0x06, 0x01, 0xC7, 0x00, 0x03, 0x80, 0x01, 0xE0, 0x00, 0x7C,
    0x00, 0x1F, 0xE0, 0x03, 0xFC, 0x00, 0x3F, 0x80, 0x03, 0xC0, 0x00, 0xE0, 0x00, 0x38, 0xC0, 0x18,
    0xE0, 0x1C, 0x3C, 0x1E, 0x0F, 0xFC, 0x01, 0xFC, 0x00, 0xFF, 0xFE, 0xFF, 0xFE, 0x03, 0x80, 0x03,
    0x80, 0x03, 0x80, 0x03, 0x80, 0x03, 0x80, 0x03, 0x80, 0x03, 0x80, 0x03, 0x80, 0x03, 0x80, 0x03,
    0x80, 0x03, 0x80, 0x03, 0x80, 0x03, 0x80, 0x03, 0x80, 0x03, 0x80, 0x03, 0x80, 0x03, 0x80, 0x38,
    0x01, 0x87, 0x00, 0x30, 0xE0, 0x06, 0x1C, 0x00, 0xC3, 0x80, 0x18, 0x70, 0x03, 0x0E, 0x00, 0x61,
    0xC0, 0x0C, 0x38, 0x01, 0x87, 0x00, 0x30, 0xE0, 0x06, 0x1C, 0x00, 0xC3, 0x80, 0x38, 0x70, 0x07,
    0x06, 0x00, 0xE0, 0xE0, 0x38, 0x1E, 0x0F, 0x01, 0xFF, 0xC0, 0x0F, 0xE0, 0x00, 0xE0, 0x07, 0x38,
    0x03, 0x9C, 0x01, 0x8E, 0x01, 0xC3, 0x80, 0xE1, 0xC0, 0x60, 0xE0, 0x70, 0x38, 0x38, 0x1C, 0x18,
    0x0E, 0x1C, 0x03, 0x8E, 0x01, 0xC6, 0x00, 0xE7, 0x00, 0x33, 0x80, 0x1D, 0x80, 0x07, 0xC0, 0x03,
    0xE0, 0x01, 0xE0, 0x00, 0x70, 0x00, 0xE0, 0x38, 0x0E, 0x70, 0x3C, 0x0E, 0x70, 0x3C, 0x0E, 0x70,
    0x7C, 0x0C, 0x70, 0x7C, 0x1C, 0x30, 0x6C, 0x1C, 0x38, 0x6E, 0x1C, 0x38, 0x66, 0x18, 0x38, 0xE6,
    0x38, 0x18, 0xC6, 0x38, 0x1C, 0xC7, 0x38, 0x1C, 0xC3, 0x30, 0x1D, 0xC3, 0x70, 0x0D, 0x83, 0x70,
    0x0F, 0x83, 0x70, 0x0F, 0x81, 0xE0, 0x0F, 0x81, 0xE0, 0x07, 0x81, 0xE0, 0x07, 0x01, 0xE0, 0x70,
    0x07, 0x8E, 0x01, 0xC3, 0xC0, 0xE0, 0x70, 0x70, 0x0E, 0x3C, 0x03, 0xCE, 0x00, 0x77, 0x00, 0x0F,
    0xC0, 0x01, 0xE0, 0x00, 0x70, 0x00, 0x3E, 0x00, 0x0F, 0xC0, 0x07, 0x78, 0x03, 0x8E, 0x01, 0xE1,
    0xC0, 0x70, 0x38, 0x38, 0x0E, 0x1E, 0x01, 0xCF, 0x00, 0x38, 0xE0, 0x07, 0x38, 0x03, 0x8E, 0x03,
    0x87, 0x01, 0x81, 0xC1, 0xC0, 0xE1, 0xC0, 0x38, 0xE0, 0x0C, 0xE0, 0x07, 0x70, 0x01, 0xF0, 0x00,
    0xF0, 0x00, 0x38, 0x00, 0x1C, 0x00, 0x0E, 0x00, 0x07, 0x00, 0x03, 0x80, 0x01, 0xC0, 0x00, 0xE0,
    0x00, 0x70, 0x00, 0x3F, 0xFE, 0x1F, 0xFF, 0x00, 0x03, 0x80, 0x03, 0x80, 0x03, 0xC0, 0x01, 0xC0,
    0x01, 0xC0, 0x01, 0xC0, 0x01, 0xE0, 0x00, 0xE0, 0x00, 0xE0, 0x00, 0xE0, 0x00, 0x70, 0x00, 0x70,
    0x00, 0x70, 0x00, 0x70, 0x00, 0x38, 0x00, 0x3F, 0xFF, 0x9F, 0xFF, 0xC0, 0x3F, 0x1F, 0x8C, 0x06,
    0x03, 0x01, 0x80, 0xC0, 0x60, 0x30, 0x18, 0x0C, 0x06, 0x03, 0x01, 0x80, 0xC0, 0x60, 0x30, 0x18,
    0x0C, 0x06, 0x03, 0x01, 0xF8, 0xFC, 0xE0, 0x0C, 0x01, 0xC0, 0x18, 0x03, 0x80, 0x30, 0x06, 0x00,
    0xE0, 0x0C, 0x01, 0xC0, 0x38, 0x03, 0x00, 0x70, 0x06, 0x00, 0xC0, 0x1C, 0x01, 0x80, 0x38, 0x03,
    0x00, 0x7E, 0x3F, 0x03, 0x81, 0xC0, 0xE0, 0x70, 0x38, 0x1C, 0x0E, 0x07, 0x03, 0x81, 0xC0, 0xE0,
    0x70, 0x38, 0x1C, 0x0E, 0x07, 0x03, 0x81, 0xC0, 0xE3, 0xF1, 0xF8, 0x03, 0x80, 0x07, 0x80, 0x1F,
    0x00, 0x37, 0x00, 0xE6, 0x01, 0x8E, 0x07, 0x0C, 0x0C, 0x1C, 0x38, 0x18, 0xE0, 0x38, 0x00, 0x00,
    0x00, 0x00, 0x00, 0x00, 0x00, 0x00, 0x00, 0x00, 0x00, 0x00, 0x00, 0x00, 0x00, 0x00, 0x00, 0xFF,
    0xFF, 0xFC, 0x00, 0x00, 0x20, 0x70, 0x38, 0x1C, 0x00, 0x00, 0x00, 0x00, 0x00, 0x00, 0x00, 0x00,
    0x00, 0x00, 0x00, 0x00, 0x00, 0x00, 0x00, 0x00, 0x07, 0xC0, 0x3F, 0xE0, 0xE1, 0xC1, 0x81, 0xC0,
    0x03, 0x80, 0x07, 0x01, 0xFE, 0x0F, 0xCC, 0x78, 0x18, 0xE0, 0x71, 0xC0, 0xE3, 0xC3, 0xC3, 0xFD,
    0x83, 0xF3, 0x00, 0x30, 0x00, 0x30, 0x00, 0x30, 0x00, 0x30, 0x00, 0x30, 0x00, 0x33, 0xE0, 0x37,
    0xF8, 0x3C, 0x3C, 0x38, 0x1C, 0x38, 0x0C, 0x30, 0x0E, 0x30, 0x0E, 0x30, 0x0E, 0x30, 0x0E, 0x38,
    0x0C, 0x38, 0x1C, 0x3C, 0x3C, 0x37, 0xF8, 0x33, 0xE0, 0x07, 0xC0, 0x7F, 0xC3, 0xC7, 0x8E, 0x04,
    0x70, 0x01, 0xC0, 0x07, 0x00, 0x1C, 0x00, 0x70, 0x01, 0xC0, 0x03, 0x81, 0x0F, 0x1E, 0x1F, 0xF0,
    0x1F, 0x00, 0x00, 0x0C, 0x00, 0x0C, 0x00, 0x0C, 0x00, 0x0C, 0x00, 0x0C, 0x07, 0xCC, 0x1F, 0xEC,
    0x3C, 0x7C, 0x38, 0x1C, 0x70, 0x1C, 0x70, 0x1C, 0x70, 0x0C, 0x70, 0x0C, 0x70, 0x1C, 0x70, 0x1C,
    0x38, 0x1C, 0x3C, 0x7C, 0x1F, 0xEC, 0x07, 0x8C, 0x07, 0xC0, 0x3F, 0xE0, 0xF0, 0xE1, 0xC0, 0xC7,
    0x01, 0xCE, 0x01, 0x9F, 0xFF, 0x3F, 0xFE, 0x70, 0x00, 0xE0, 0x00, 0xC0, 0x01, 0xE1, 0xC1, 0xFF,
    0x00, 0xFC, 0x00, 0x0F, 0x0F, 0x86, 0x03, 0x01, 0x80, 0xC3, 0xFD, 0xFE, 0x18, 0x0C, 0x06, 0x03,
    0x01, 0x80, 0xC0, 0x60, 0x30, 0x18, 0x0C, 0x06, 0x03, 0x00, 0x07, 0x8C, 0x1F, 0xEC, 0x3C, 0x7C,
    0x38, 0x3C, 0x70, 0x1C, 0x70, 0x1C, 0x70, 0x1C, 0x70, 0x1C, 0x70, 0x1C, 0x70, 0x1C, 0x38, 0x3C,
    0x3C, 0x7C, 0x1F, 0xFC, 0x07, 0x9C, 0x00, 0x1C, 0x00, 0x18, 0x38, 0x18, 0x1C, 0x38, 0x1F, 0xF0,
    0x07, 0xE0, 0x30, 0x00, 0x60, 0x00, 0xC0, 0x01, 0x80, 0x03, 0x00, 0x06, 0x7C, 0x0D, 0xFC, 0x1E,
    0x1C, 0x38, 0x18, 0x70, 0x30, 0xC0, 0x61, 0x80, 0xC3, 0x01, 0x86, 0x03, 0x0C, 0x06, 0x18, 0x0C,
    0x30, 0x18, 0x60, 0x30, 0xC0, 0x60, 0x1C, 0x1C, 0x1C, 0x00, 0x00, 0x00, 0x7C, 0x7C, 0x1C, 0x1C,
    0x1C, 0x1C, 0x1C, 0x1C, 0x1C, 0x1C, 0x1C, 0x1C, 0x1C, 0x1C, 0x0E, 0x07, 0x03, 0x80, 0x00, 0x00,
    0x00, 0x18, 0x0C, 0x06, 0x03, 0x01, 0x80, 0xC0, 0x60, 0x30, 0x18, 0x0C, 0x06, 0x03, 0x01, 0x80,
    0xC0, 0xE0, 0x70, 0xF0, 0x70, 0x30, 0x00, 0xC0, 0x03, 0x00, 0x0C, 0x00, 0x30, 0x00, 0xC1, 0xE3,
    0x06, 0x0C, 0x38, 0x31, 0xC0, 0xCE, 0x03, 0x70, 0x0F, 0xC0, 0x3F, 0x80, 0xE6, 0x03, 0x1C, 0x0C,
    0x38, 0x30, 0x70, 0xC1, 0xC3, 0x03, 0x80, 0x30, 0x60, 0xC1, 0x83, 0x06, 0x0C, 0x18, 0x30, 0x60,
    0xC1, 0x83, 0x06, 0x0C, 0x18, 0x38, 0x78, 0x70, 0x33, 0xE1, 0xF0, 0x37, 0xF7, 0xF8, 0x3C, 0x76,
    0x38, 0x38, 0x3C, 0x18, 0x38, 0x38, 0x1C, 0x30, 0x18, 0x1C, 0x30, 0x18, 0x1C, 0x30, 0x18, 0x1C,
    0x30, 0x18, 0x1C, 0x30, 0x18, 0x1C, 0x30, 0x18, 0x1C, 0x30, 0x18, 0x1C, 0x30, 0x18, 0x1C, 0x30,
    0x18, 0x1C, 0x33, 0xE0, 0x6F, 0xE0, 0xF0, 0xE1, 0xC0, 0xC3, 0x81, 0x86, 0x03, 0x0C, 0x06, 0x18,
    0x0C, 0x30, 0x18, 0x60, 0x30, 0xC0, 0x61, 0x80, 0xC3, 0x01, 0x86, 0x03, 0x00, 0x07, 0xC0, 0x3F,
    0xE0, 0xF1, 0xE1, 0xC0, 0xE7, 0x01, 0xCE, 0x01, 0x9C, 0x03, 0x38, 0x06, 0x70, 0x0C, 0xE0, 0x38,
    0xE0, 0x71, 0xE3, 0xC1, 0xFF, 0x00, 0xF8, 0x00, 0x33, 0xE0, 0x37, 0xF8, 0x3C, 0x3C, 0x38, 0x1C,
    0x38, 0x0C, 0x30, 0x0E, 0x30, 0x0E, 0x30, 0x0E, 0x30, 0x0E, 0x38, 0x0C, 0x38, 0x1C, 0x3C, 0x3C,
    0x37, 0xF8, 0x33, 0xE0, 0x30, 0x00, 0x30, 0x00, 0x30, 0x00, 0x30, 0x00, 0x07, 0x8C, 0x07, 0xFB,
    0x03, 0xC7, 0xC0, 0xE0, 0x70, 0x70, 0x1C, 0x1C, 0x07, 0x07, 0x00, 0xC1, 0xC0, 0x30, 0x70, 0x1C,
    0x1C, 0x07, 0x03, 0x81, 0xC0, 0xF1, 0xF0, 0x1F, 0xEC, 0x01, 0xE3, 0x00, 0x00, 0xC0, 0x00, 0x38,
    0x00, 0x0F, 0xC0, 0x01, 0xF0, 0x31, 0x8D, 0xE3, 0xE0, 0xE0, 0x38, 0x0E, 0x03, 0x00, 0xC0, 0x30,
    0x0C, 0x03, 0x00, 0xC0, 0x30, 0x0C, 0x00, 0x0F, 0x81, 0xFF, 0x1C, 0x3C, 0xE0, 0x87, 0x00, 0x1C,
    0x00, 0x7F, 0x00, 0x7C, 0x00, 0x70, 0x01, 0x98, 0x0C, 0xF0, 0xE3, 0xFE, 0x07, 0xC0, 0x18, 0x0C,
    0x06, 0x03, 0x07, 0xF3, 0xF8, 0x60, 0x30, 0x18, 0x0C, 0x06, 0x03, 0x01, 0x80, 0xC0, 0x60, 0x30,
    0x1F, 0x07, 0x80, 0x30, 0x18, 0x60, 0x30, 0xC0, 0x61, 0x80, 0xC3, 0x01, 0x86, 0x03, 0x0C, 0x06,
    0x18, 0x0C, 0x30, 0x18, 0x60, 0x70, 0xE0, 0xE1, 0xC3, 0xC1, 0xFD, 0x81, 0xF3, 0x00, 0xE0, 0x33,
    0x03, 0x98, 0x18, 0xE0, 0xC3, 0x0E, 0x18, 0x60, 0xE3, 0x03, 0x38, 0x19, 0x80, 0xEC, 0x03, 0xE0,
    0x1E, 0x00, 0xF0, 0x03, 0x80, 0xE0, 0xE0, 0xDC, 0x1C, 0x39, 0x87, 0x87, 0x30, 0xF0, 0xC7, 0x1B,
    0x18, 0x66, 0x67, 0x0C, 0xCC, 0xC1, 0x99, 0x98, 0x3B, 0x1B, 0x03, 0xC3, 0xE0, 0x78, 0x78, 0x0F,
    0x07, 0x00, 0xE0, 0xE0, 0x18, 0x1C, 0x00, 0xE0, 0x3B, 0x83, 0x8E, 0x38, 0x33, 0x81, 0xDC, 0x07,
    0xC0, 0x1C, 0x00, 0xE0, 0x0F, 0x80, 0xEE, 0x0E, 0x30, 0x71, 0xC7, 0x07, 0x70, 0x1C, 0xE0, 0x73,
    0x03, 0x98, 0x18, 0xE1, 0xC3, 0x0C, 0x18, 0x60, 0xE7, 0x03, 0x30, 0x19, 0x80, 0xFC, 0x03, 0xC0,
    0x1E, 0x00, 0x70, 0x03, 0x00, 0x18, 0x01, 0xC0, 0x7C, 0x03, 0xC0, 0x00, 0x7F, 0xF3, 0xFF, 0x80,
    0x18, 0x01, 0xC0, 0x1C, 0x01, 0xC0, 0x1C, 0x00, 0xC0, 0x0E, 0x00, 0xE0, 0x0E, 0x00, 0xE0, 0x07,
    0xFF, 0x3F, 0xF8, 0x0F, 0x0F, 0x87, 0x03, 0x01, 0x80, 0xC0, 0x60, 0x30, 0x18, 0x0C, 0x1C, 0x0E,
    0x01, 0x80, 0xC0, 0x60, 0x30, 0x18, 0x0C, 0x06, 0x03, 0x01, 0xC0, 0xF8, 0x3C, 0x30, 0x60, 0xC1,
    0x83, 0x06, 0x0C, 0x18, 0x30, 0x60, 0xC1, 0x83, 0x06, 0x0C, 0x18, 0x30, 0x60, 0xC1, 0x83, 0x06,
    0x0C, 0x00, 0x78, 0x3E, 0x07, 0x01, 0x80, 0xC0, 0x60, 0x30, 0x18, 0x0C, 0x06, 0x01, 0xC0, 0xE0,
    0xC0, 0x60, 0x30, 0x18, 0x0C, 0x06, 0x03, 0x01, 0x81, 0xC3, 0xE1, 0xE0, 0x1E, 0x08, 0x3F, 0x8C,
    0x71, 0xFC, 0x20, 0x78, 0x00, 0x00, 0x00, 0x00, 0x00, 0x00, 0x00, 0x00, 0x00, 0x00,
};

inline constexpr FontGlyph kAtkinsonHL28Glyphs[] = {
    {0, 0, 0, 8, 0, 0},  // 'space'
    {0, 8, 19, 8, 0, -19},  // '!'
    {19, 8, 19, 8, 0, -19},  // '"'
    {38, 18, 19, 18, 0, -19},  // '#'
    {81, 17, 23, 17, 0, -21},  // '$'
    {130, 26, 19, 26, 0, -19},  // '%'
    {192, 20, 19, 20, 0, -19},  // '&'
    {240, 4, 19, 4, 0, -19},  // '''
    {250, 8, 23, 8, 0, -19},  // '('
    {273, 8, 23, 8, 0, -19},  // ')'
    {296, 12, 19, 12, 0, -19},  // '*'
    {325, 17, 14, 17, 0, -14},  // '+'
    {355, 6, 7, 6, 0, -3},  // ','
    {361, 10, 9, 10, 0, -9},  // '-'
    {373, 6, 4, 6, 0, -4},  // '.'
    {376, 11, 19, 11, 0, -19},  // '/'
    {403, 18, 19, 18, 0, -19},  // '0'
    {446, 11, 19, 11, 0, -19},  // '1'
    {473, 15, 19, 15, 0, -19},  // '2'
    {509, 16, 19, 16, 0, -19},  // '3'
    {547, 17, 19, 17, 0, -19},  // '4'
    {588, 16, 19, 16, 0, -19},  // '5'
    {626, 17, 19, 17, 0, -19},  // '6'
    {667, 14, 19, 14, 0, -19},  // '7'
    {701, 17, 19, 17, 0, -19},  // '8'
    {742, 17, 19, 17, 0, -19},  // '9'
    {783, 6, 14, 6, 0, -14},  // ':'
    {794, 6, 18, 6, 0, -14},  // ';'
    {808, 15, 14, 15, 0, -14},  // '<'
    {835, 17, 11, 17, 0, -11},  // '='
    {859, 15, 14, 15, 0, -14},  // '>'
    {886, 15, 19, 15, 0, -19},  // '?'
    {922, 22, 19, 22, 0, -19},  // '@'
    {975, 18, 19, 18, 0, -19},  // 'A'
    {1018, 17, 19, 17, 0, -19},  // 'B'
    {1059, 18, 19, 18, 0, -19},  // 'C'
    {1102, 19, 19, 19, 0, -19},  // 'D'
    {1148, 16, 19, 16, 0, -19},  // 'E'
    {1186, 15, 19, 15, 0, -19},  // 'F'
    {1222, 20, 19, 20, 0, -19},  // 'G'
    {1270, 19, 19, 19, 0, -19},  // 'H'
    {1316, 12, 19, 12, 0, -19},  // 'I'
    {1345, 14, 19, 14, 0, -19},  // 'J'
    {1379, 18, 19, 18, 0, -19},  // 'K'
    {1422, 15, 19, 15, 0, -19},  // 'L'
    {1458, 23, 19, 23, 0, -19},  // 'M'
    {1513, 19, 19, 19, 0, -19},  // 'N'
    {1559, 20, 19, 20, 0, -19},  // 'O'
    {1607, 17, 19, 17, 0, -19},  // 'P'
    {1648, 22, 20, 21, 0, -19},  // 'Q'
    {1703, 17, 19, 17, 0, -19},  // 'R'
    {1744, 17, 19, 17, 0, -19},  // 'S'
    {1785, 16, 19, 16, 0, -19},  // 'T'
    {1823, 19, 19, 19, 0, -19},  // 'U'
    {1869, 17, 19, 16, 0, -19},  // 'V'
    {1910, 24, 19, 24, 0, -19},  // 'W'
    {1967, 18, 19, 17, 0, -19},  // 'X'
    {2010, 17, 19, 17, 0, -19},  // 'Y'
    {2051, 17, 19, 17, 0, -19},  // 'Z'
    {2092, 9, 23, 9, 0, -19},  // '['
    {2118, 11, 19, 11, 0, -19},  // '0x5C'
    {2145, 9, 23, 9, 0, -19},  // ']'
    {2171, 15, 19, 15, 0, -19},  // '^'
    {2207, 11, 3, 11, 0, -1},  // '_'
    {2212, 8, 20, 8, 0, -20},  // '`'
    {2232, 15, 14, 15, 0, -14},  // 'a'
    {2259, 16, 19, 16, 0, -19},  // 'b'
    {2297, 14, 14, 14, 0, -14},  // 'c'
    {2322, 16, 19, 16, 0, -19},  // 'd'
    {2360, 15, 14, 15, 0, -14},  // 'e'
    {2387, 9, 20, 9, 0, -20},  // 'f'
    {2410, 16, 20, 16, 0, -14},  // 'g'
    {2450, 15, 19, 15, 0, -19},  // 'h'
    {2486, 8, 20, 8, 0, -20},  // 'i'
    {2506, 9, 24, 7, -2, -20},  // 'j'
    {2533, 14, 19, 14, 0, -19},  // 'k'
    {2567, 7, 19, 7, 0, -19},  // 'l'
    {2584, 24, 14, 24, 0, -14},  // 'm'
    {2626, 15, 14, 15, 0, -14},  // 'n'
    {2653, 15, 14, 15, 0, -14},  // 'o'
    {2680, 16, 18, 16, 0, -14},  // 'p'
    {2716, 18, 18, 16, 0, -14},  // 'q'
    {2757, 10, 14, 10, 0, -14},  // 'r'
    {2775, 13, 14, 13, 0, -14},  // 's'
    {2798, 9, 18, 9, 0, -18},  // 't'
    {2819, 15, 14, 15, 0, -14},  // 'u'
    {2846, 13, 14, 12, 0, -14},  // 'v'
    {2869, 19, 14, 18, 0, -14},  // 'w'
    {2903, 13, 14, 13, 0, -14},  // 'x'
    {2926, 13, 18, 12, 0, -14},  // 'y'
    {2956, 13, 14, 13, 0, -14},  // 'z'
    {2979, 9, 23, 9, 0, -19},  // '{'
    {3005, 7, 23, 7, 0, -19},  // '|'
    {3026, 9, 23, 9, 0, -19},  // '}'
    {3052, 16, 9, 16, 0, -9},  // '~'
};

inline constexpr BitmapFont kAtkinsonHL28Font = {
    kAtkinsonHL28Bitmap, kAtkinsonHL28Glyphs, 0x0020, 0x007E, 36, 27, 26, 24, 1};

inline constexpr uint8_t kAtkinsonHLDigits68Bitmap[] = {
    0x00, 0x6F, 0xFF, 0xFF, 0xFF, 0xFF, 0xFF, 0xFF, 0xFF, 0xFF, 0xFF, 0x70, 0x00, 0x06, 0xFF, 0xFF,
    0xFF, 0xFF, 0xFF, 0xFF, 0xFF, 0xFF, 0xFF, 0xF7, 0x00, 0x00, 0x6F, 0xFF, 0xFF, 0xFF, 0xFF, 0xFF,
    0xFF, 0xFF, 0xFF, 0xFF, 0x70, 0x00, 0x06, 0xFF, 0xFF, 0xFF, 0xFF, 0xFF, 0xFF, 0xFF, 0xFF, 0xFF,
    0xF7, 0x00, 0x00, 0x6F, 0xFF, 0xFF, 0xFF, 0xFF, 0xFF, 0xFF, 0xFF, 0xFF, 0xFF, 0x70, 0x00, 0x00,
    0x00, 0x00, 0x00, 0x00, 0x00, 0x00, 0x00, 0x00, 0x00, 0x00, 0x00, 0x00, 0x00, 0x00, 0x00, 0x00,
    0x00, 0x00, 0x00, 0x00, 0x00, 0x00, 0x00, 0x00, 0x00, 0x00, 0x00, 0x00, 0x00, 0x00, 0x00, 0x00,
    0x00, 0x00, 0x00, 0x00, 0x00, 0x00, 0x00, 0x00, 0x00, 0x00, 0x00, 0x00, 0x00, 0x00, 0x00, 0x00,
    0x00, 0x00, 0x00, 0x00, 0x00, 0x00, 0x00, 0x00, 0x00, 0x00, 0x00, 0x00, 0x00, 0x00, 0x00, 0x00,
    0x00, 0x00, 0x00, 0x00, 0x00, 0x00, 0x00, 0x00, 0x00, 0x00, 0x00, 0x00, 0x00, 0x00, 0x00, 0x00,
    0x00, 0x00, 0x00, 0x00, 0x00, 0x00, 0x00, 0x00, 0x00, 0x00, 0x00, 0x00, 0x00, 0x00, 0x00, 0x00,
    0x00, 0x00, 0x00, 0x00, 0x00, 0x00, 0x00, 0x00, 0x00, 0x00, 0x00, 0x00, 0x00, 0x00, 0x00, 0x00,
    0x00, 0x00, 0x00, 0x00, 0x00, 0x00, 0x00, 0x00, 0x00, 0x00, 0x00, 0x00, 0x00, 0x00, 0x00, 0x00,
    0x00, 0x00, 0x00, 0x00, 0x00, 0x00, 0x00, 0x00, 0x00, 0x00, 0x00, 0x00, 0x00, 0x00, 0x00, 0x00,
    0x00, 0x00, 0x00, 0x00, 0x00, 0x00, 0x00, 0x00, 0x00, 0x00, 0x00, 0x00, 0x00, 0x00, 0x00, 0x00,
    0x00, 0x00, 0x00, 0x00, 0x00, 0x00, 0x00, 0x00, 0x00, 0x00, 0x00, 0x00, 0x00, 0x00, 0x00, 0x00,
    0x3B, 0xEE, 0xA3, 0x00, 0x00, 0x00, 0x04, 0xFF, 0xFF, 0xFE, 0x30, 0x00, 0x00, 0x1E, 0xFF, 0xFF,
    0xFF, 0xD0, 0x00, 0x00, 0x4F, 0xFF, 0xFF, 0xFF, 0xF3, 0x00, 0x00, 0x6F, 0xFF, 0xFF, 0xFF, 0xF5,
    0x00, 0x00, 0x4F, 0xFF, 0xFF, 0xFF, 0xF3, 0x00, 0x00, 0x1E, 0xFF, 0xFF, 0xFF, 0xD0, 0x00, 0x00,
    0x04, 0xFF, 0xFF, 0xFE, 0x30, 0x00, 0x00, 0x00, 0x3B, 0xEE, 0xA3, 0x00, 0x00, 0x00, 0x00, 0x00,
    0x00, 0x00, 0x00, 0x00, 0x00, 0x00, 0x7F, 0xFF, 0xFF, 0x60, 0x00, 0x00, 0x00, 0x00, 0x00, 0x00,
    0x00, 0x00, 0x00, 0xDF, 0xFF, 0xFE, 0x10, 0x00, 0x00, 0x00, 0x00, 0x00, 0x00, 0x00, 0x00, 0x04,
    0xFF, 0xFF, 0xF9, 0x00, 0x00, 0x00, 0x00, 0x00, 0x00, 0x00, 0x00, 0x00, 0x0A, 0xFF, 0xFF, 0xF3,
    0x00, 0x00, 0x00, 0x00, 0x00, 0x00, 0x00, 0x00, 0x00, 0x1F, 0xFF, 0xFF, 0xD0, 0x00, 0x00, 0x00,
    0x00, 0x00, 0x00, 0x00, 0x00, 0x00, 0x7F, 0xFF, 0xFF, 0x70, 0x00, 0x00, 0x00, 0x00, 0x00, 0x00,
    0x00, 0x00, 0x00, 0xDF, 0xFF, 0xFF, 0x10, 0x00, 0x00, 0x00, 0x00, 0x00, 0x00, 0x00, 0x00, 0x04,
    0xFF, 0xFF, 0xFA, 0x00, 0x00, 0x00, 0x00, 0x00, 0x00, 0x00, 0x00, 0x00, 0x0A, 0xFF, 0xFF, 0xF4,
    0x00, 0x00, 0x00, 0x00, 0x00, 0x00, 0x00, 0x00, 0x00, 0x1F, 0xFF, 0xFF, 0xD0, 0x00, 0x00, 0x00,
    0x00, 0x00, 0x00, 0x00, 0x00, 0x00, 0x6F, 0xFF, 0xFF, 0x70, 0x00, 0x00, 0x00, 0x00, 0x00, 0x00,
    0x00, 0x00, 0x00, 0xCF, 0xFF, 0xFF, 0x20, 0x00, 0x00, 0x00, 0x00, 0x00, 0x00, 0x00, 0x00, 0x03,
    0xFF, 0xFF, 0xFB, 0x00, 0x00, 0x00, 0x00, 0x00, 0x00, 0x00, 0x00, 0x00, 0x09, 0xFF, 0xFF, 0xF5,
    0x00, 0x00, 0x00, 0x00, 0x00, 0x00, 0x00, 0x00, 0x00, 0x1E, 0xFF, 0xFF, 0xD0, 0x00, 0x00, 0x00,
    0x00, 0x00, 0x00, 0x00, 0x00, 0x00, 0x6F, 0xFF, 0xFF, 0x80, 0x00, 0x00, 0x00, 0x00, 0x00, 0x00,
    0x00, 0x00, 0x00, 0xCF, 0xFF, 0xFF, 0x20, 0x00, 0x00, 0x00, 0x00, 0x00, 0x00, 0x00, 0x00, 0x03,
    0xFF, 0xFF, 0xFB, 0x00, 0x00, 0x00, 0x00, 0x00, 0x00, 0x00, 0x00, 0x00, 0x09, 0xFF, 0xFF, 0xF5,
    0x00, 0x00, 0x00, 0x00, 0x00, 0x00, 0x00, 0x00, 0x00, 0x0E, 0xFF, 0xFF, 0xE0, 0x00, 0x00, 0x00,
    0x00, 0x00, 0x00, 0x00, 0x00, 0x00, 0x5F, 0xFF, 0xFF, 0x80, 0x00, 0x00, 0x00, 0x00, 0x00, 0x00,
    0x00, 0x00, 0x00, 0xBF, 0xFF, 0xFF, 0x20, 0x00, 0x00, 0x00, 0x00, 0x00, 0x00, 0x00, 0x00, 0x02,
    0xFF, 0xFF, 0xFC, 0x00, 0x00, 0x00, 0x00, 0x00, 0x00, 0x00, 0x00, 0x00, 0x08, 0xFF, 0xFF, 0xF6,
    0x00, 0x00, 0x00, 0x00, 0x00, 0x00, 0x00, 0x00, 0x00, 0x0E, 0xFF, 0xFF, 0xE1, 0x00, 0x00, 0x00,
    0x00, 0x00, 0x00, 0x00, 0x00, 0x00, 0x5F, 0xFF, 0xFF, 0x90, 0x00, 0x00, 0x00, 0x00, 0x00, 0x00,
    0x00, 0x00, 0x00, 0xBF, 0xFF, 0xFF, 0x30, 0x00, 0x00, 0x00, 0x00, 0x00, 0x00, 0x00, 0x00, 0x02,
    0xFF, 0xFF, 0xFC, 0x00, 0x00, 0x00, 0x00, 0x00, 0x00, 0x00, 0x00, 0x00, 0x08, 0xFF, 0xFF, 0xF6,
    0x00, 0x00, 0x00, 0x00, 0x00, 0x00, 0x00, 0x00, 0x00, 0x0D, 0xFF, 0xFF, 0xE1, 0x00, 0x00, 0x00,
    0x00, 0x00, 0x00, 0x00, 0x00, 0x00, 0x4F, 0xFF, 0xFF, 0x90, 0x00, 0x00, 0x00, 0x00, 0x00, 0x00,
    0x00, 0x00, 0x00, 0xAF, 0xFF, 0xFF, 0x40, 0x00, 0x00, 0x00, 0x00, 0x00, 0x00, 0x00, 0x00, 0x01,
    0xFF, 0xFF, 0xFD, 0x00, 0x00, 0x00, 0x00, 0x00, 0x00, 0x00, 0x00, 0x00, 0x07, 0xFF, 0xFF, 0xF7,
    0x00, 0x00, 0x00, 0x00, 0x00, 0x00, 0x00, 0x00, 0x00, 0x0D, 0xFF, 0xFF, 0xF1, 0x00, 0x00, 0x00,
    0x00, 0x00, 0x00, 0x00, 0x00, 0x00, 0x4F, 0xFF, 0xFF, 0xA0, 0x00, 0x00, 0x00, 0x00, 0x00, 0x00,
    0x00, 0x00, 0x00, 0xAF, 0xFF, 0xFF, 0x40, 0x00, 0x00, 0x00, 0x00, 0x00, 0x00, 0x00, 0x00, 0x01,
    0xFF, 0xFF, 0xFD, 0x00, 0x00, 0x00, 0x00, 0x00, 0x00, 0x00, 0x00, 0x00, 0x06, 0xFF, 0xFF, 0xF7,
    0x00, 0x00, 0x00, 0x00, 0x00, 0x00, 0x00, 0x00, 0x00, 0x0C, 0xFF, 0xFF, 0xF2, 0x00, 0x00, 0x00,
    0x00, 0x00, 0x00, 0x00, 0x00, 0x00, 0x3F, 0xFF, 0xFF, 0xB0, 0x00, 0x00, 0x00, 0x00, 0x00, 0x00,
    0x00, 0x00, 0x00, 0x9F, 0xFF, 0xFF, 0x50, 0x00, 0x00, 0x00, 0x00, 0x00, 0x00, 0x00, 0x00, 0x01,
    0xEF, 0xFF, 0xFE, 0x00, 0x00, 0x00, 0x00, 0x00, 0x00, 0x00, 0x00, 0x00, 0x06, 0xFF, 0xFF, 0xF8,
    0x00, 0x00, 0x00, 0x00, 0x00, 0x00, 0x00, 0x00, 0x00, 0x0C, 0xFF, 0xFF, 0xF2, 0x00, 0x00, 0x00,
    0x00, 0x00, 0x00, 0x00, 0x00, 0x00, 0x00, 0x00, 0x00, 0x00, 0x00, 0x00, 0x00, 0x00, 0x48, 0xBD,
    0xEF, 0xFE, 0xDB, 0x84, 0x00, 0x00, 0x00, 0x00, 0x00, 0x00, 0x00, 0x00, 0x00, 0x00, 0x00, 0x00,
    0x00, 0x00, 0x01, 0x8E, 0xFF, 0xFF, 0xFF, 0xFF, 0xFF, 0xFF, 0xE9, 0x20, 0x00, 0x00, 0x00, 0x00,
    0x00, 0x00, 0x00, 0x00, 0x00, 0x00, 0x00, 0x00, 0x7E, 0xFF, 0xFF, 0xFF, 0xFF, 0xFF, 0xFF, 0xFF,
    0xFF, 0xF8, 0x00, 0x00, 0x00, 0x00, 0x00, 0x00, 0x00, 0x00, 0x00, 0x00, 0x00, 0x1C, 0xFF, 0xFF,
    0xFF, 0xFF, 0xFF, 0xFF, 0xFF, 0xFF, 0xFF, 0xFF, 0xC2, 0x00, 0x00, 0x00, 0x00, 0x00, 0x00, 0x00,
    0x00, 0x00, 0x02, 0xDF, 0xFF, 0xFF, 0xFF, 0xFF, 0xFF, 0xFF, 0xFF, 0xFF, 0xFF, 0xFF, 0xFD, 0x20,
    0x00, 0x00, 0x00, 0x00, 0x00, 0x00, 0x00, 0x00, 0x1C, 0xFF, 0xFF, 0xFF, 0xFE, 0x95, 0x21, 0x01,
    0x48, 0xDF, 0xFF, 0xFF, 0xFF, 0xD1, 0x00, 0x00, 0x00, 0x00, 0x00, 0x00, 0x00, 0x00, 0xAF, 0xFF,
    0xFF, 0xFF, 0x91, 0x00, 0x00, 0x00, 0x00, 0x06, 0xEF, 0xFF, 0xFF, 0xFA, 0x00, 0x00, 0x00, 0x00,
    0x00, 0x00, 0x00, 0x04, 0xFF, 0xFF, 0xFF, 0xF5, 0x00, 0x00, 0x00, 0x00, 0x00, 0x00, 0x2D, 0xFF,
    0xFF, 0xFF, 0x50, 0x00, 0x00, 0x00, 0x00, 0x00, 0x00, 0x0D, 0xFF, 0xFF, 0xFF, 0xE2, 0x00, 0x00,
    0x00, 0x00, 0x00, 0x00, 0x02, 0xEF, 0xFF, 0xFF, 0xD0, 0x00, 0x00, 0x00, 0x00, 0x00, 0x00, 0x6F,
    0xFF, 0xFF, 0xFF, 0xFC, 0x00, 0x00, 0x00, 0x00, 0x00, 0x00, 0x00, 0x6F, 0xFF, 0xFF, 0xF6, 0x00,
    0x00, 0x00, 0x00, 0x00, 0x00, 0xCF, 0xFF, 0xFF, 0xFF, 0xFF, 0x70, 0x00, 0x00, 0x00, 0x00, 0x00,
    0x00, 0x0C, 0xFF, 0xFF, 0xFD, 0x00, 0x00, 0x00, 0x00, 0x00, 0x03, 0xFF, 0xFF, 0xFF, 0xFF, 0xFF,
    0xF3, 0x00, 0x00, 0x00, 0x00, 0x00, 0x00, 0x05, 0xFF, 0xFF, 0xFF, 0x40, 0x00, 0x00, 0x00, 0x00,
    0x07, 0xFF, 0xFF, 0xFF, 0xFF, 0xFF, 0xFD, 0x10, 0x00, 0x00, 0x00, 0x00, 0x00, 0x00, 0xDF, 0xFF,
    0xFF, 0x80, 0x00, 0x00, 0x00, 0x00, 0x0C, 0xFF, 0xFF, 0xFC, 0xFF, 0xFF, 0xFF, 0x90, 0x00, 0x00,
    0x00, 0x00, 0x00, 0x00, 0x9F, 0xFF, 0xFF, 0xD0, 0x00, 0x00, 0x00, 0x00, 0x1F, 0xFF, 0xFF, 0xF5,
    0x9F, 0xFF, 0xFF, 0xF4, 0x00, 0x00, 0x00, 0x00, 0x00, 0x00, 0x4F, 0xFF, 0xFF, 0xF1, 0x00, 0x00,
    0x00, 0x00, 0x4F, 0xFF, 0xFF, 0xF1, 0x1D, 0xFF, 0xFF, 0xFE, 0x10, 0x00, 0x00, 0x00, 0x00, 0x00,
    0x1F, 0xFF, 0xFF, 0xF4, 0x00, 0x00, 0x00, 0x00, 0x6F, 0xFF, 0xFF, 0xD0, 0x03, 0xFF, 0xFF, 0xFF,
    0xA0, 0x00, 0x00, 0x00, 0x00, 0x00, 0x0C, 0xFF, 0xFF, 0xF7, 0x00, 0x00, 0x00, 0x00, 0x8F, 0xFF,
    0xFF, 0xB0, 0x00, 0x7F, 0xFF, 0xFF, 0xF6, 0x00, 0x00, 0x00, 0x00, 0x00, 0x0A, 0xFF, 0xFF, 0xF9,
    0x00, 0x00, 0x00, 0x00, 0xAF, 0xFF, 0xFF, 0x80, 0x00, 0x0C, 0xFF, 0xFF, 0xFE, 0x20, 0x00, 0x00,
    0x00, 0x00, 0x08, 0xFF, 0xFF, 0xFB, 0x00, 0x00, 0x00, 0x00, 0xBF, 0xFF, 0xFF, 0x70, 0x00, 0x02,
    0xEF, 0xFF, 0xFF, 0xC0, 0x00, 0x00, 0x00, 0x00, 0x06, 0xFF, 0xFF, 0xFC, 0x00, 0x00, 0x00, 0x00,
    0xDF, 0xFF, 0xFF, 0x60, 0x00, 0x00, 0x6F, 0xFF, 0xFF, 0xF7, 0x00, 0x00, 0x00, 0x00, 0x05, 0xFF,
    0xFF, 0xFD, 0x00, 0x00, 0x00, 0x00, 0xDF, 0xFF, 0xFF, 0x50, 0x00, 0x00, 0x0A, 0xFF, 0xFF, 0xFF,
    0x30, 0x00, 0x00, 0x00, 0x05, 0xFF, 0xFF, 0xFE, 0x00, 0x00, 0x00, 0x00, 0xEF, 0xFF, 0xFF, 0x40,
    0x00, 0x00, 0x01, 0xEF, 0xFF, 0xFF, 0xD1, 0x00, 0x00, 0x00, 0x04, 0xFF, 0xFF, 0xFE, 0x00, 0x00,
    0x00, 0x00, 0xEF, 0xFF, 0xFF, 0x40, 0x00, 0x00, 0x00, 0x4F, 0xFF, 0xFF, 0xF9, 0x00, 0x00, 0x00,
    0x03, 0xFF, 0xFF, 0xFF, 0x00, 0x00, 0x00, 0x00, 0xDF, 0xFF, 0xFF, 0x50, 0x00, 0x00, 0x00, 0x09,
    0xFF, 0xFF, 0xFF, 0x40, 0x00, 0x00, 0x03, 0xFF, 0xFF, 0xFE, 0x00, 0x00, 0x00, 0x00, 0xDF, 0xFF,
    0xFF, 0x50, 0x00, 0x00, 0x00, 0x01, 0xDF, 0xFF, 0xFF, 0xE1, 0x00, 0x00, 0x04, 0xFF, 0xFF, 0xFE,
    0x00, 0x00, 0x00, 0x00, 0xCF, 0xFF, 0xFF, 0x60, 0x00, 0x00, 0x00, 0x00, 0x3F, 0xFF, 0xFF, 0xFA,
    0x00, 0x00, 0x04, 0xFF, 0xFF, 0xFD, 0x00, 0x00, 0x00, 0x00, 0xBF, 0xFF, 0xFF, 0x70, 0x00, 0x00,
    0x00, 0x00, 0x07, 0xFF, 0xFF, 0xFF, 0x60, 0x00, 0x05, 0xFF, 0xFF, 0xFC, 0x00, 0x00, 0x00, 0x00,
    0xAF, 0xFF, 0xFF, 0x80, 0x00, 0x00, 0x00, 0x00, 0x00, 0xBF, 0xFF, 0xFF, 0xE2, 0x00, 0x07, 0xFF,
    0xFF, 0xFB, 0x00, 0x00, 0x00, 0x00, 0x8F, 0xFF, 0xFF, 0xB0, 0x00, 0x00, 0x00, 0x00, 0x00, 0x2E,
    0xFF, 0xFF, 0xFC, 0x00, 0x08, 0xFF, 0xFF, 0xF9, 0x00, 0x00, 0x00, 0x00, 0x6F, 0xFF, 0xFF, 0xD0,
    0x00, 0x00, 0x00, 0x00, 0x00, 0x05, 0xFF, 0xFF, 0xFF, 0x70, 0x0B, 0xFF, 0xFF, 0xF7, 0x00, 0x00,
    0x00, 0x00, 0x3F, 0xFF, 0xFF, 0xF1, 0x00, 0x00, 0x00, 0x00, 0x00, 0x00, 0xAF, 0xFF, 0xFF, 0xF3,
    0x0D, 0xFF, 0xFF, 0xF4, 0x00, 0x00, 0x00, 0x00, 0x0F, 0xFF, 0xFF, 0xF4, 0x00, 0x00, 0x00, 0x00,
    0x00, 0x00, 0x1D, 0xFF, 0xFF, 0xFD, 0x2F, 0xFF, 0xFF, 0xF1, 0x00, 0x00, 0x00, 0x00, 0x0C, 0xFF,
    0xFF, 0xF9, 0x00, 0x00, 0x00, 0x00, 0x00, 0x00, 0x04, 0xFF, 0xFF, 0xFF, 0xDF, 0xFF, 0xFF, 0xC0,
    0x00, 0x00, 0x00, 0x00, 0x07, 0xFF, 0xFF, 0xFD, 0x00, 0x00, 0x00, 0x00, 0x00, 0x00, 0x00, 0x8F,
    0xFF, 0xFF, 0xFF, 0xFF, 0xFF, 0x80, 0x00, 0x00, 0x00, 0x00, 0x02, 0xFF, 0xFF, 0xFF, 0x50, 0x00,
    0x00, 0x00, 0x00, 0x00, 0x00, 0x0C, 0xFF, 0xFF, 0xFF, 0xFF, 0xFF, 0x30, 0x00, 0x00, 0x00, 0x00,
    0x00, 0xCF, 0xFF, 0xFF, 0xC0, 0x00, 0x00, 0x00, 0x00, 0x00, 0x00, 0x03, 0xFF, 0xFF, 0xFF, 0xFF,
    0xFC, 0x00, 0x00, 0x00, 0x00, 0x00, 0x00, 0x5F, 0xFF, 0xFF, 0xF5, 0x00, 0x00, 0x00, 0x00, 0x00,
    0x00, 0x00, 0x7F, 0xFF, 0xFF, 0xFF, 0xF6, 0x00, 0x00, 0x00, 0x00, 0x00, 0x00, 0x0C, 0xFF, 0xFF,
    0xFE, 0x20, 0x00, 0x00, 0x00, 0x00, 0x00, 0x00, 0x0B, 0xFF, 0xFF, 0xFF, 0xD0, 0x00, 0x00, 0x00,
    0x00, 0x00, 0x00, 0x04, 0xFF, 0xFF, 0xFF, 0xD2, 0x00, 0x00, 0x00, 0x00, 0x00, 0x00, 0x3D, 0xFF,
    0xFF, 0xFF, 0x50, 0x00, 0x00, 0x00, 0x00, 0x00, 0x00, 0x00, 0x9F, 0xFF, 0xFF, 0xFE, 0x60, 0x00,
    0x00, 0x00, 0x00, 0x06, 0xEF, 0xFF, 0xFF, 0xFA, 0x00, 0x00, 0x00, 0x00, 0x00, 0x00, 0x00, 0x00,
    0x1C, 0xFF, 0xFF, 0xFF, 0xFD, 0x84, 0x10, 0x12, 0x48, 0xDF, 0xFF, 0xFF, 0xFF, 0xD1, 0x00, 0x00,
    0x00, 0x00, 0x00, 0x00, 0x00, 0x00, 0x01, 0xDF, 0xFF, 0xFF, 0xFF, 0xFF, 0xFF, 0xFF, 0xFF, 0xFF,
    0xFF, 0xFF, 0xFD, 0x20, 0x00, 0x00, 0x00, 0x00, 0x00, 0x00, 0x00, 0x00, 0x00, 0x1B, 0xFF, 0xFF,
    0xFF, 0xFF, 0xFF, 0xFF, 0xFF, 0xFF, 0xFF, 0xFF, 0xC1, 0x00, 0x00, 0x00, 0x00, 0x00, 0x00, 0x00,
    0x00, 0x00, 0x00, 0x00, 0x7E, 0xFF, 0xFF, 0xFF, 0xFF, 0xFF, 0xFF, 0xFF, 0xFF, 0xF8, 0x00, 0x00,
    0x00, 0x00, 0x00, 0x00, 0x00, 0x00, 0x00, 0x00, 0x00, 0x00, 0x01, 0x8E, 0xFF, 0xFF, 0xFF, 0xFF,
    0xFF, 0xFF, 0xE9, 0x20, 0x00, 0x00, 0x00, 0x00, 0x00, 0x00, 0x00, 0x00, 0x00, 0x00, 0x00, 0x00,
    0x00, 0x00, 0x48, 0xBD, 0xEF, 0xFE, 0xDB, 0x84, 0x00, 0x00, 0x00, 0x00, 0x00, 0x00, 0x00, 0x00,
    0x00, 0x00, 0x00, 0x00, 0x00, 0x00, 0x00, 0x00, 0x6F, 0xFF, 0xA0, 0x00, 0x00, 0x00, 0x00, 0x00,
    0x00, 0x00, 0x00, 0x00, 0x00, 0x1D, 0xFF, 0xFA, 0x00, 0x00, 0x00, 0x00, 0x00, 0x00, 0x00, 0x00,
    0x00, 0x00, 0x09, 0xFF, 0xFF, 0xA0, 0x00, 0x00, 0x00, 0x00, 0x00, 0x00, 0x00, 0x00, 0x00, 0x1A,
    0xFF, 0xFF, 0xFA, 0x00, 0x00, 0x00, 0x00, 0x00, 0x00, 0x00, 0x00, 0x01, 0x8E, 0xFF, 0xFF, 0xFF,
    0xA0, 0x00, 0x00, 0x00, 0x00, 0x01, 0x12, 0x46, 0x8C, 0xFF, 0xFF, 0xFF, 0xFF, 0xFA, 0x00, 0x00,
    0x00, 0x00, 0x2F, 0xFF, 0xFF, 0xFF, 0xFF, 0xFF, 0xFF, 0xFF, 0xFF, 0xA0, 0x00, 0x00, 0x00, 0x02,
    0xFF, 0xFF, 0xFF, 0xFF, 0xFF, 0xFF, 0xFF, 0xFF, 0xFA, 0x00, 0x00, 0x00, 0x00, 0x2F, 0xFF, 0xFF,
    0xFF, 0xFF, 0xFF, 0xFF, 0xFF, 0xFF, 0xA0, 0x00, 0x00, 0x00, 0x02, 0xFF, 0xFF, 0xFF, 0xFF, 0xFF,
    0xFF, 0xFF, 0xFF, 0xFA, 0x00, 0x00, 0x00, 0x00, 0x2F, 0xFF, 0xFF, 0xFF, 0xFF, 0xFF, 0xFF, 0xFF,
    0xFF, 0xA0, 0x00, 0x00, 0x00, 0x00, 0x00, 0x00, 0x00, 0x00, 0x00, 0x01, 0xFF, 0xFF, 0xFA, 0x00,
    0x00, 0x00, 0x00, 0x00, 0x00, 0x00, 0x00, 0x00, 0x00, 0x1F, 0xFF, 0xFF, 0xA0, 0x00, 0x00, 0x00,
    0x00, 0x00, 0x00, 0x00, 0x00, 0x00, 0x01, 0xFF, 0xFF, 0xFA, 0x00, 0x00, 0x00, 0x00, 0x00, 0x00,
    0x00, 0x00, 0x00, 0x00, 0x1F, 0xFF, 0xFF, 0xA0, 0x00, 0x00, 0x00, 0x00, 0x00, 0x00, 0x00, 0x00,
    0x00, 0x01, 0xFF, 0xFF, 0xFA, 0x00, 0x00, 0x00, 0x00, 0x00, 0x00, 0x00, 0x00, 0x00, 0x00, 0x1F,
    0xFF, 0xFF, 0xA0, 0x00, 0x00, 0x00, 0x00, 0x00, 0x00, 0x00, 0x00, 0x00, 0x01, 0xFF, 0xFF, 0xFA,
    0x00, 0x00, 0x00, 0x00, 0x00, 0x00, 0x00, 0x00, 0x00, 0x00, 0x1F, 0xFF, 0xFF, 0xA0, 0x00, 0x00,
    0x00, 0x00, 0x00, 0x00, 0x00, 0x00, 0x00, 0x01, 0xFF, 0xFF, 0xFA, 0x00, 0x00, 0x00, 0x00, 0x00,
    0x00, 0x00, 0x00, 0x00, 0x00, 0x1F, 0xFF, 0xFF, 0xA0, 0x00, 0x00, 0x00, 0x00, 0x00, 0x00, 0x00,
    0x00, 0x00, 0x01, 0xFF, 0xFF, 0xFA, 0x00, 0x00, 0x00, 0x00, 0x00, 0x00, 0x00, 0x00, 0x00, 0x00,
    0x1F, 0xFF, 0xFF, 0xA0, 0x00, 0x00, 0x00, 0x00, 0x00, 0x00, 0x00, 0x00, 0x00, 0x01, 0xFF, 0xFF,
    0xFA, 0x00, 0x00, 0x00, 0x00, 0x00, 0x00, 0x00, 0x00, 0x00, 0x00, 0x1F, 0xFF, 0xFF, 0xA0, 0x00,
    0x00, 0x00, 0x00, 0x00, 0x00, 0x00, 0x00, 0x00, 0x01, 0xFF, 0xFF, 0xFA, 0x00, 0x00, 0x00, 0x00,
    0x00, 0x00, 0x00, 0x00, 0x00, 0x00, 0x1F, 0xFF, 0xFF, 0xA0, 0x00, 0x00, 0x00, 0x00, 0x00, 0x00,
    0x00, 0x00, 0x00, 0x01, 0xFF, 0xFF, 0xFA, 0x00, 0x00, 0x00, 0x00, 0x00, 0x00, 0x00, 0x00, 0x00,
    0x00, 0x1F, 0xFF, 0xFF, 0xA0, 0x00, 0x00, 0x00, 0x00, 0x00, 0x00, 0x00, 0x00, 0x00, 0x01, 0xFF,
    0xFF, 0xFA, 0x00, 0x00, 0x00, 0x00, 0x00, 0x00, 0x00, 0x00, 0x00, 0x00, 0x1F, 0xFF, 0xFF, 0xA0,
    0x00, 0x00, 0x00, 0x00, 0x00, 0x00, 0x00, 0x00, 0x00, 0x01, 0xFF, 0xFF, 0xFA, 0x00, 0x00, 0x00,
    0x00, 0x00, 0x00, 0x00, 0x00, 0x00, 0x00, 0x1F, 0xFF, 0xFF, 0xA0, 0x00, 0x00, 0x00, 0x00, 0x00,
    0x00, 0x00, 0x00, 0x00, 0x01, 0xFF, 0xFF, 0xFA, 0x00, 0x00, 0x00, 0x00, 0x00, 0x00, 0x00, 0x00,
    0x00, 0x00, 0x1F, 0xFF, 0xFF, 0xA0, 0x00, 0x00, 0x00, 0x00, 0x00, 0x00, 0x00, 0x00, 0x00, 0x01,
    0xFF, 0xFF, 0xFA, 0x00, 0x00, 0x00, 0x00, 0x00, 0x00, 0x00, 0x00, 0x00, 0x00, 0x1F, 0xFF, 0xFF,
    0xA0, 0x00, 0x00, 0x00, 0x00, 0x00, 0x00, 0x00, 0x00, 0x00, 0x01, 0xFF, 0xFF, 0xFA, 0x00, 0x00,
    0x00, 0x00, 0x00, 0x00, 0x00, 0x00, 0x00, 0x00, 0x1F, 0xFF, 0xFF, 0xA0, 0x00, 0x00, 0x00, 0x00,
    0x00, 0x00, 0x00, 0x00, 0x00, 0x01, 0xFF, 0xFF, 0xFA, 0x00, 0x00, 0x00, 0x00, 0x00, 0x00, 0x00,
    0x00, 0x00, 0x00, 0x1F, 0xFF, 0xFF, 0xA0, 0x00, 0x00, 0x00, 0x00, 0x00, 0x00, 0x00, 0x00, 0x00,
    0x01, 0xFF, 0xFF, 0xFA, 0x00, 0x00, 0x00, 0x00, 0x00, 0x00, 0x00, 0x00, 0x00, 0x00, 0x1F, 0xFF,
    0xFF, 0xA0, 0x00, 0x00, 0x00, 0x00, 0x00, 0x00, 0x00, 0x00, 0x00, 0x01, 0xFF, 0xFF, 0xFA, 0x00,
    0x00, 0x00, 0x00, 0x00, 0x00, 0x00, 0x00, 0x00, 0x00, 0x1F, 0xFF, 0xFF, 0xA0, 0x00, 0x00, 0x00,
    0x00, 0x00, 0x00, 0x00, 0x00, 0x00, 0x02, 0x69, 0xCD, 0xEF, 0xED, 0xB9, 0x61, 0x00, 0x00, 0x00,
    0x00, 0x00, 0x00, 0x00, 0x00, 0x00, 0x00, 0x00, 0x5B, 0xFF, 0xFF, 0xFF, 0xFF, 0xFF, 0xFF, 0xFB,
    0x40, 0x00, 0x00, 0x00, 0x00, 0x00, 0x00, 0x00, 0x00, 0x03, 0xBF, 0xFF, 0xFF, 0xFF, 0xFF, 0xFF,
    0xFF, 0xFF, 0xFF, 0xB2, 0x00, 0x00, 0x00, 0x00, 0x00, 0x00, 0x00, 0x05, 0xFF, 0xFF, 0xFF, 0xFF,
    0xFF, 0xFF, 0xFF, 0xFF, 0xFF, 0xFF, 0xE3, 0x00, 0x00, 0x00, 0x00, 0x00, 0x00, 0x07, 0xFF, 0xFF,
    0xFF, 0xFF, 0xFF, 0xFF, 0xFF, 0xFF, 0xFF, 0xFF, 0xFF, 0xE3, 0x00, 0x00, 0x00, 0x00, 0x00, 0x05,
    0xFF, 0xFF, 0xFF, 0xFF, 0xA5, 0x21, 0x01, 0x37, 0xDF, 0xFF, 0xFF, 0xFF, 0xD1, 0x00, 0x00, 0x00,
    0x00, 0x02, 0xEF, 0xFF, 0xFF, 0xFA, 0x20, 0x00, 0x00, 0x00, 0x00, 0x6F, 0xFF, 0xFF, 0xFF, 0x80,
    0x00, 0x00, 0x00, 0x00, 0x9F, 0xFF, 0xFF, 0xF6, 0x00, 0x00, 0x00, 0x00, 0x00, 0x00, 0x4F, 0xFF,
    0xFF, 0xFE, 0x10, 0x00, 0x00, 0x00, 0x2F, 0xFF, 0xFF, 0xF7, 0x00, 0x00, 0x00, 0x00, 0x00, 0x00,
    0x00, 0x7F, 0xFF, 0xFF, 0xF5, 0x00, 0x00, 0x00, 0x08, 0xFF, 0xFF, 0xFC, 0x00, 0x00, 0x00, 0x00,
    0x00, 0x00, 0x00, 0x00, 0xDF, 0xFF, 0xFF, 0x80, 0x00, 0x00, 0x00, 0xCF, 0xFF, 0xFF, 0x50, 0x00,
    0x00, 0x00, 0x00, 0x00, 0x00, 0x00, 0x09, 0xFF, 0xFF, 0xFB, 0x00, 0x00, 0x00, 0x02, 0x6A, 0xEF,
    0xF1, 0x00, 0x00, 0x00, 0x00, 0x00, 0x00, 0x00, 0x00, 0x6F, 0xFF, 0xFF, 0xC0, 0x00, 0x00, 0x00,
    0x00, 0x00, 0x46, 0x00, 0x00, 0x00, 0x00, 0x00, 0x00, 0x00, 0x00, 0x04, 0xFF, 0xFF, 0xFB, 0x00,
    0x00, 0x00, 0x00, 0x00, 0x00, 0x00, 0x00, 0x00, 0x00, 0x00, 0x00, 0x00, 0x00, 0x00, 0x5F, 0xFF,
    0xFF, 0xA0, 0x00, 0x00, 0x00, 0x00, 0x00, 0x00, 0x00, 0x00, 0x00, 0x00, 0x00, 0x00, 0x00, 0x00,
    0x06, 0xFF, 0xFF, 0xF8, 0x00, 0x00, 0x00, 0x00, 0x00, 0x00, 0x00, 0x00, 0x00, 0x00, 0x00, 0x00,
    0x00, 0x00, 0x00, 0x9F, 0xFF, 0xFF, 0x60, 0x00, 0x00, 0x00, 0x00, 0x00, 0x00, 0x00, 0x00, 0x00,
    0x00, 0x00, 0x00, 0x00, 0x00, 0x0D, 0xFF, 0xFF, 0xF2, 0x00, 0x00, 0x00, 0x00, 0x00, 0x00, 0x00,
    0x00, 0x00, 0x00, 0x00, 0x00, 0x00, 0x00, 0x04, 0xFF, 0xFF, 0xFC, 0x00, 0x00, 0x00, 0x00, 0x00,
    0x00, 0x00, 0x00, 0x00, 0x00, 0x00, 0x00, 0x00, 0x00, 0x00, 0xBF, 0xFF, 0xFF, 0x60, 0x00, 0x00,
    0x00, 0x00, 0x00, 0x00, 0x00, 0x00, 0x00, 0x00, 0x00, 0x00, 0x00, 0x00, 0x4F, 0xFF, 0xFF, 0xE0,
    0x00, 0x00, 0x00, 0x00, 0x00, 0x00, 0x00, 0x00, 0x00, 0x00, 0x00, 0x00, 0x00, 0x00, 0x0D, 0xFF,
    0xFF, 0xF6, 0x00, 0x00, 0x00, 0x00, 0x00, 0x00, 0x00, 0x00, 0x00, 0x00, 0x00, 0x00, 0x00, 0x00,
    0x09, 0xFF, 0xFF, 0xFC, 0x00, 0x00, 0x00, 0x00, 0x00, 0x00, 0x00, 0x00, 0x00, 0x00, 0x00, 0x00,
    0x00, 0x00, 0x05, 0xFF, 0xFF, 0xFF, 0x30, 0x00, 0x00, 0x00, 0x00, 0x00, 0x00, 0x00, 0x00, 0x00,
    0x00, 0x00, 0x00, 0x00, 0x03, 0xEF, 0xFF, 0xFF, 0x80, 0x00, 0x00, 0x00, 0x00, 0x00, 0x00, 0x00,
    0x00, 0x00, 0x00, 0x00, 0x00, 0x00, 0x02, 0xDF, 0xFF, 0xFF, 0xB0, 0x00, 0x00, 0x00, 0x00, 0x00,
    0x00, 0x00, 0x00, 0x00, 0x00, 0x00, 0x00, 0x00, 0x01, 0xDF, 0xFF, 0xFF, 0xD1, 0x00, 0x00, 0x00,
    0x00, 0x00, 0x00, 0x00, 0x00, 0x00, 0x00, 0x00, 0x00, 0x00, 0x01, 0xCF, 0xFF, 0xFF, 0xE2, 0x00,
    0x00, 0x00, 0x00, 0x00, 0x00, 0x00, 0x00, 0x00, 0x00, 0x00, 0x00, 0x00, 0x01, 0xCF, 0xFF, 0xFF,
    0xE3, 0x00, 0x00, 0x00, 0x00, 0x00, 0x00, 0x00, 0x00, 0x00, 0x00, 0x00, 0x00, 0x00, 0x02, 0xCF,
    0xFF, 0xFF, 0xE3, 0x00, 0x00, 0x00, 0x00, 0x00, 0x00, 0x00, 0x00, 0x00, 0x00, 0x00, 0x00, 0x00,
    0x02, 0xDF, 0xFF, 0xFF, 0xE3, 0x00, 0x00, 0x00, 0x00, 0x00, 0x00, 0x00, 0x00, 0x00, 0x00, 0x00,
    0x00, 0x00, 0x03, 0xEF, 0xFF, 0xFF, 0xE3, 0x00, 0x00, 0x00, 0x00, 0x00, 0x00, 0x00, 0x00, 0x00,
    0x00, 0x00, 0x00, 0x00, 0x05, 0xFF, 0xFF, 0xFF, 0xC2, 0x00, 0x00, 0x00, 0x00, 0x00, 0x00, 0x00,
    0x00, 0x00, 0x00, 0x00, 0x00, 0x00, 0x08, 0xFF, 0xFF, 0xFF, 0xB1, 0x00, 0x00, 0x00, 0x00, 0x00,
    0x00, 0x00, 0x00, 0x00, 0x00, 0x00, 0x00, 0x00, 0x1A, 0xFF, 0xFF, 0xFF, 0x90, 0x00, 0x00, 0x00,
    0x00, 0x00, 0x00, 0x00, 0x00, 0x00, 0x00, 0x00, 0x00, 0x00, 0x2C, 0xFF, 0xFF, 0xFF, 0x70, 0x00,
    0x00, 0x00, 0x00, 0x00, 0x00, 0x00, 0x00, 0x00, 0x00, 0x00, 0x00, 0x00, 0x4E, 0xFF, 0xFF, 0xFE,
    0x40, 0x00, 0x00, 0x00, 0x00, 0x00, 0x00, 0x00, 0x00, 0x00, 0x00, 0x00, 0x00, 0x00, 0x7F, 0xFF,
    0xFF, 0xFC, 0x20, 0x00, 0x00, 0x00, 0x00, 0x00, 0x00, 0x00, 0x00, 0x00, 0x00, 0x00, 0x00, 0x01,
    0xBF, 0xFF, 0xFF, 0xF9, 0x00, 0x00, 0x00, 0x00, 0x00, 0x00, 0x00, 0x00, 0x00, 0x00, 0x00, 0x00,
    0x00, 0x03, 0xDF, 0xFF, 0xFF, 0xE6, 0x00, 0x00, 0x00, 0x00, 0x00, 0x00, 0x00, 0x00, 0x00, 0x00,
    0x00, 0x00, 0x00, 0x07, 0xFF, 0xFF, 0xFF, 0xD2, 0x00, 0x00, 0x00, 0x00, 0x00, 0x00, 0x00, 0x00,
    0x00, 0x00, 0x00, 0x00, 0x00, 0x1B, 0xFF, 0xFF, 0xFF, 0x91, 0x00, 0x00, 0x00, 0x00, 0x00, 0x00,
    0x00, 0x00, 0x00, 0x00, 0x00, 0x00, 0x00, 0x0A, 0xFF, 0xFF, 0xFF, 0xFF, 0xFF, 0xFF, 0xFF, 0xFF,
    0xFF, 0xFF, 0xFF, 0xFF, 0xFF, 0xFF, 0xFF, 0xFF, 0x00, 0x00, 0xAF, 0xFF, 0xFF, 0xFF, 0xFF, 0xFF,
    0xFF, 0xFF, 0xFF, 0xFF, 0xFF, 0xFF, 0xFF, 0xFF, 0xFF, 0xFF, 0xF0, 0x00, 0x0A, 0xFF, 0xFF, 0xFF,
    0xFF, 0xFF, 0xFF, 0xFF, 0xFF, 0xFF, 0xFF, 0xFF, 0xFF, 0xFF, 0xFF, 0xFF, 0xFF, 0x00, 0x00, 0xAF,
    0xFF, 0xFF, 0xFF, 0xFF, 0xFF, 0xFF, 0xFF, 0xFF, 0xFF, 0xFF, 0xFF, 0xFF, 0xFF, 0xFF, 0xFF, 0xF0,
    0x00, 0x0A, 0xFF, 0xFF, 0xFF, 0xFF, 0xFF, 0xFF, 0xFF, 0xFF, 0xFF, 0xFF, 0xFF, 0xFF, 0xFF, 0xFF,
    0xFF, 0xFF, 0x00, 0x00, 0x00, 0x00, 0x00, 0x00, 0x00, 0x04, 0x7B, 0xDE, 0xFF, 0xED, 0xB8, 0x51,
    0x00, 0x00, 0x00, 0x00, 0x00, 0x00, 0x00, 0x00, 0x00, 0x00, 0x00, 0x02, 0x8E, 0xFF, 0xFF, 0xFF,
    0xFF, 0xFF, 0xFF, 0xFB, 0x50, 0x00, 0x00, 0x00, 0x00, 0x00, 0x00, 0x00, 0x00, 0x00, 0x06, 0xEF,
    0xFF, 0xFF, 0xFF, 0xFF, 0xFF, 0xFF, 0xFF, 0xFF, 0xC3, 0x00, 0x00, 0x00, 0x00, 0x00, 0x00, 0x00,
    0x00, 0x1B, 0xFF, 0xFF, 0xFF, 0xFF, 0xFF, 0xFF, 0xFF, 0xFF, 0xFF, 0xFF, 0xF5, 0x00, 0x00, 0x00,
    0x00, 0x00, 0x00, 0x00, 0x1C, 0xFF, 0xFF, 0xFF, 0xFF, 0xFF, 0xFF, 0xFF, 0xFF, 0xFF, 0xFF, 0xFF,
    0xF5, 0x00, 0x00, 0x00, 0x00, 0x00, 0x00, 0x0B, 0xFF, 0xFF, 0xFF, 0xFC, 0x73, 0x10, 0x12, 0x59,
    0xEF, 0xFF, 0xFF, 0xFF, 0xE1, 0x00, 0x00, 0x00, 0x00, 0x00, 0x07, 0xFF, 0xFF, 0xFF, 0xD4, 0x00,
    0x00, 0x00, 0x00, 0x01, 0x8F, 0xFF, 0xFF, 0xFF, 0x90, 0x00, 0x00, 0x00, 0x00, 0x01, 0xEF, 0xFF,
    0xFF, 0xC1, 0x00, 0x00, 0x00, 0x00, 0x00, 0x00, 0x5F, 0xFF, 0xFF, 0xFE, 0x10, 0x00, 0x00, 0x00,
    0x00, 0x8F, 0xFF, 0xFF, 0xE1, 0x00, 0x00, 0x00, 0x00, 0x00, 0x00, 0x00, 0x7F, 0xFF, 0xFF, 0xF4,
    0x00, 0x00, 0x00, 0x00, 0x0E, 0xFF, 0xFF, 0xF5, 0x00, 0x00, 0x00, 0x00, 0x00, 0x00, 0x00, 0x00,
    0xDF, 0xFF, 0xFF, 0x70, 0x00, 0x00, 0x00, 0x04, 0xFF, 0xFF, 0xFC, 0x00, 0x00, 0x00, 0x00, 0x00,
    0x00, 0x00, 0x00, 0x09, 0xFF, 0xFF, 0xF9, 0x00, 0x00, 0x00, 0x00, 0x15, 0xAE, 0xFF, 0x70, 0x00,
    0x00, 0x00, 0x00, 0x00, 0x00, 0x00, 0x00, 0x6F, 0xFF, 0xFF, 0xA0, 0x00, 0x00, 0x00, 0x00, 0x00,
    0x04, 0x82, 0x00, 0x00, 0x00, 0x00, 0x00, 0x00, 0x00, 0x00, 0x05, 0xFF, 0xFF, 0xF9, 0x00, 0x00,
    0x00, 0x00, 0x00, 0x00, 0x00, 0x00, 0x00, 0x00, 0x00, 0x00, 0x00, 0x00, 0x00, 0x00, 0x6F, 0xFF,
    0xFF, 0x70, 0x00, 0x00, 0x00, 0x00, 0x00, 0x00, 0x00, 0x00, 0x00, 0x00, 0x00, 0x00, 0x00, 0x00,
    0x00, 0x09, 0xFF, 0xFF, 0xF4, 0x00, 0x00, 0x00, 0x00, 0x00, 0x00, 0x00, 0x00, 0x00, 0x00, 0x00,
    0x00, 0x00, 0x00, 0x00, 0x00, 0xEF, 0xFF, 0xFE, 0x10, 0x00, 0x00, 0x00, 0x00, 0x00, 0x00, 0x00,
    0x00, 0x00, 0x00, 0x00, 0x00, 0x00, 0x00, 0x00, 0x8F, 0xFF, 0xFF, 0x90, 0x00, 0x00, 0x00, 0x00,
    0x00, 0x00, 0x00, 0x00, 0x00, 0x00, 0x00, 0x00, 0x00, 0x00, 0x00, 0x8F, 0xFF, 0xFF, 0xE1, 0x00,
    0x00, 0x00, 0x00, 0x00, 0x00, 0x00, 0x00, 0x00, 0x00, 0x00, 0x00, 0x00, 0x00, 0x05, 0xCF, 0xFF,
    0xFF, 0xF5, 0x00, 0x00, 0x00, 0x00, 0x00, 0x00, 0x00, 0x00, 0x00, 0x00, 0x00, 0x01, 0x13, 0x47,
    0xAE, 0xFF, 0xFF, 0xFF, 0xF7, 0x00, 0x00, 0x00, 0x00, 0x00, 0x00, 0x00, 0x00, 0x00, 0x00, 0x00,
    0x3F, 0xFF, 0xFF, 0xFF, 0xFF, 0xFF, 0xFF, 0xE6, 0x00, 0x00, 0x00, 0x00, 0x00, 0x00, 0x00, 0x00,
    0x00, 0x00, 0x00, 0x03, 0xFF, 0xFF, 0xFF, 0xFF, 0xFF, 0xFF, 0xA2, 0x00, 0x00, 0x00, 0x00, 0x00,
    0x00, 0x00, 0x00, 0x00, 0x00, 0x00, 0x00, 0x3F, 0xFF, 0xFF, 0xFF, 0xFF, 0xFF, 0xB4, 0x00, 0x00,
    0x00, 0x00, 0x00, 0x00, 0x00, 0x00, 0x00, 0x00, 0x00, 0x00, 0x03, 0xFF, 0xFF, 0xFF, 0xFF, 0xFF,
    0xFF, 0xFD, 0x50, 0x00, 0x00, 0x00, 0x00, 0x00, 0x00, 0x00, 0x00, 0x00, 0x00, 0x00, 0x3F, 0xFF,
    0xFF, 0xFF, 0xFF, 0xFF, 0xFF, 0xFF, 0xB1, 0x00, 0x00, 0x00, 0x00, 0x00, 0x00, 0x00, 0x00, 0x00,
    0x00, 0x00, 0x00, 0x01, 0x24, 0x7B, 0xFF, 0xFF, 0xFF, 0xFF, 0xD2, 0x00, 0x00, 0x00, 0x00, 0x00,
    0x00, 0x00, 0x00, 0x00, 0x00, 0x00, 0x00, 0x00, 0x00, 0x01, 0x7E, 0xFF, 0xFF, 0xFF, 0xC0, 0x00,
    0x00, 0x00, 0x00, 0x00, 0x00, 0x00, 0x00, 0x00, 0x00, 0x00, 0x00, 0x00, 0x00, 0x00, 0x2B, 0xFF,
    0xFF, 0xFF, 0x70, 0x00, 0x00, 0x00, 0x00, 0x00, 0x00, 0x00, 0x00, 0x00, 0x00, 0x00, 0x00, 0x00,
    0x00, 0x00, 0x1C, 0xFF, 0xFF, 0xFE, 0x00, 0x00, 0x00, 0x00, 0x00, 0x00, 0x00, 0x00, 0x00, 0x00,
    0x00, 0x00, 0x00, 0x00, 0x00, 0x00, 0x2F, 0xFF, 0xFF, 0xF4, 0x00, 0x00, 0x00, 0x00, 0x00, 0x00,
    0x00, 0x00, 0x00, 0x00, 0x00, 0x00, 0x00, 0x00, 0x00, 0x00, 0xAF, 0xFF, 0xFF, 0x90, 0x00, 0x00,
    0x00, 0x00, 0x00, 0x00, 0x00, 0x00, 0x00, 0x00, 0x00, 0x00, 0x00, 0x00, 0x00, 0x05, 0xFF, 0xFF,
    0xFC, 0x00, 0x00, 0x00, 0x00, 0x00, 0x00, 0x00, 0x00, 0x00, 0x00, 0x00, 0x00, 0x00, 0x00, 0x00,
    0x00, 0x3F, 0xFF, 0xFF, 0xD0, 0x00, 0x00, 0x00, 0x00, 0x00, 0x00, 0x00, 0x00, 0x00, 0x00, 0x00,
    0x00, 0x00, 0x00, 0x00, 0x03, 0xFF, 0xFF, 0xFE, 0x00, 0x00, 0x00, 0x00, 0x00, 0x37, 0x70, 0x00,
    0x00, 0x00, 0x00, 0x00, 0x00, 0x00, 0x00, 0x00, 0x4F, 0xFF, 0xFF, 0xD0, 0x00, 0x00, 0x00, 0x5A,
    0xEF, 0xFD, 0x00, 0x00, 0x00, 0x00, 0x00, 0x00, 0x00, 0x00, 0x00, 0x06, 0xFF, 0xFF, 0xFC, 0x00,
    0x00, 0x00, 0x0E, 0xFF, 0xFF, 0xF4, 0x00, 0x00, 0x00, 0x00, 0x00, 0x00, 0x00, 0x00, 0x00, 0xBF,
    0xFF, 0xFF, 0x90, 0x00, 0x00, 0x00, 0x9F, 0xFF, 0xFF, 0xC0, 0x00, 0x00, 0x00, 0x00, 0x00, 0x00,
    0x00, 0x00, 0x3F, 0xFF, 0xFF, 0xF6, 0x00, 0x00, 0x00, 0x03, 0xFF, 0xFF, 0xFF, 0x70, 0x00, 0x00,
    0x00, 0x00, 0x00, 0x00, 0x00, 0x1C, 0xFF, 0xFF, 0xFF, 0x10, 0x00, 0x00, 0x00, 0x0A, 0xFF, 0xFF,
    0xFF, 0x60, 0x00, 0x00, 0x00, 0x00, 0x00, 0x00, 0x1B, 0xFF, 0xFF, 0xFF, 0x90, 0x00, 0x00, 0x00,
    0x00, 0x2E, 0xFF, 0xFF, 0xFF, 0x91, 0x00, 0x00, 0x00, 0x00, 0x00, 0x5D, 0xFF, 0xFF, 0xFF, 0xE1,
    0x00, 0x00, 0x00, 0x00, 0x00, 0x5F, 0xFF, 0xFF, 0xFF, 0xE9, 0x52, 0x10, 0x12, 0x58, 0xDF, 0xFF,
    0xFF, 0xFF, 0xF4, 0x00, 0x00, 0x00, 0x00, 0x00, 0x00, 0x8F, 0xFF, 0xFF, 0xFF, 0xFF, 0xFF, 0xFF,
    0xFF, 0xFF, 0xFF, 0xFF, 0xFF, 0xF5, 0x00, 0x00, 0x00, 0x00, 0x00, 0x00, 0x00, 0x7F, 0xFF, 0xFF,
    0xFF, 0xFF, 0xFF, 0xFF, 0xFF, 0xFF, 0xFF, 0xFF, 0xD3, 0x00, 0x00, 0x00, 0x00, 0x00, 0x00, 0x00,
    0x00, 0x3D, 0xFF, 0xFF, 0xFF, 0xFF, 0xFF, 0xFF, 0xFF, 0xFF, 0xFF, 0x91, 0x00, 0x00, 0x00, 0x00,
    0x00, 0x00, 0x00, 0x00, 0x00, 0x06, 0xCF, 0xFF, 0xFF, 0xFF, 0xFF, 0xFF, 0xFF, 0xD8, 0x20, 0x00,
    0x00, 0x00, 0x00, 0x00, 0x00, 0x00, 0x00, 0x00, 0x00, 0x00, 0x37, 0xAC, 0xEE, 0xFE, 0xEC, 0xA7,
    0x30, 0x00, 0x00, 0x00, 0x00, 0x00, 0x00, 0x00, 0x00, 0x00, 0x00, 0x00, 0x00, 0x00, 0x00, 0x00,
    0x00, 0x00, 0x00, 0x00, 0x4F, 0xFF, 0xFF, 0xD0, 0x00, 0x00, 0x00, 0x00, 0x00, 0x00, 0x00, 0x00,
    0x00, 0x00, 0x00, 0x00, 0x00, 0x00, 0x00, 0x00, 0x02, 0xEF, 0xFF, 0xFF, 0xD0, 0x00, 0x00, 0x00,
    0x00, 0x00, 0x00, 0x00, 0x00, 0x00, 0x00, 0x00, 0x00, 0x00, 0x00, 0x00, 0x00, 0x1C, 0xFF, 0xFF,
    0xFF, 0xD0, 0x00, 0x00, 0x00, 0x00, 0x00, 0x00, 0x00, 0x00, 0x00, 0x00, 0x00, 0x00, 0x00, 0x00,
    0x00, 0x00, 0x9F, 0xFF, 0xFF, 0xFF, 0xD0, 0x00, 0x00, 0x00, 0x00, 0x00, 0x00, 0x00, 0x00, 0x00,
    0x00, 0x00, 0x00, 0x00, 0x00, 0x00, 0x06, 0xFF, 0xFF, 0xFF, 0xFF, 0xD0, 0x00, 0x00, 0x00, 0x00,
    0x00, 0x00, 0x00, 0x00, 0x00, 0x00, 0x00, 0x00, 0x00, 0x00, 0x00, 0x3F, 0xFF, 0xFF, 0xFF, 0xFF,
    0xD0, 0x00, 0x00, 0x00, 0x00, 0x00, 0x00, 0x00, 0x00, 0x00, 0x00, 0x00, 0x00, 0x00, 0x00, 0x01,
    0xDF, 0xFF, 0xFF, 0xFF, 0xFF, 0xD0, 0x00, 0x00, 0x00, 0x00, 0x00, 0x00, 0x00, 0x00, 0x00, 0x00,
    0x00, 0x00, 0x00, 0x00, 0x0B, 0xFF, 0xFF, 0xFF, 0xFF, 0xFF, 0xD0, 0x00, 0x00, 0x00, 0x00, 0x00,
    0x00, 0x00, 0x00, 0x00, 0x00, 0x00, 0x00, 0x00, 0x00, 0x8F, 0xFF, 0xFF, 0xCD, 0xFF, 0xFF, 0xD0,
    0x00, 0x00, 0x00, 0x00, 0x00, 0x00, 0x00, 0x00, 0x00, 0x00, 0x00, 0x00, 0x00, 0x04, 0xFF, 0xFF,
    0xFE, 0x2D, 0xFF, 0xFF, 0xD0, 0x00, 0x00, 0x00, 0x00, 0x00, 0x00, 0x00, 0x00, 0x00, 0x00, 0x00,
    0x00, 0x00, 0x2E, 0xFF, 0xFF, 0xF5, 0x0D, 0xFF, 0xFF, 0xD0, 0x00, 0x00, 0x00, 0x00, 0x00, 0x00,
    0x00, 0x00, 0x00, 0x00, 0x00, 0x00, 0x00, 0xCF, 0xFF, 0xFF, 0x80, 0x0D, 0xFF, 0xFF, 0xD0, 0x00,
    0x00, 0x00, 0x00, 0x00, 0x00, 0x00, 0x00, 0x00, 0x00, 0x00, 0x00, 0x09, 0xFF, 0xFF, 0xFB, 0x00,
    0x0D, 0xFF, 0xFF, 0xD0, 0x00, 0x00, 0x00, 0x00, 0x00, 0x00, 0x00, 0x00, 0x00, 0x00, 0x00, 0x00,
    0x6F, 0xFF, 0xFF, 0xD1, 0x00, 0x0D, 0xFF, 0xFF, 0xD0, 0x00, 0x00, 0x00, 0x00, 0x00, 0x00, 0x00,
    0x00, 0x00, 0x00, 0x00, 0x03, 0xFF, 0xFF, 0xFF, 0x30, 0x00, 0x0D, 0xFF, 0xFF, 0xD0, 0x00, 0x00,
    0x00, 0x00, 0x00, 0x00, 0x00, 0x00, 0x00, 0x00, 0x00, 0x1D, 0xFF, 0xFF, 0xF6, 0x00, 0x00, 0x0D,
    0xFF, 0xFF, 0xD0, 0x00, 0x00, 0x00, 0x00, 0x00, 0x00, 0x00, 0x00, 0x00, 0x00, 0x00, 0xBF, 0xFF,
    0xFF, 0x90, 0x00, 0x00, 0x0D, 0xFF, 0xFF, 0xD0, 0x00, 0x00, 0x00, 0x00, 0x00, 0x00, 0x00, 0x00,
    0x00, 0x00, 0x07, 0xFF, 0xFF, 0xFC, 0x00, 0x00, 0x00, 0x0D, 0xFF, 0xFF, 0xD0, 0x00, 0x00, 0x00,
    0x00, 0x00, 0x00, 0x00, 0x00, 0x00, 0x00, 0x4F, 0xFF, 0xFF, 0xE2, 0x00, 0x00, 0x00, 0x0D, 0xFF,
    0xFF, 0xD0, 0x00, 0x00, 0x00, 0x00, 0x00, 0x00, 0x00, 0x00, 0x00, 0x02, 0xEF, 0xFF, 0xFF, 0x40,
    0x00, 0x00, 0x00, 0x0D, 0xFF, 0xFF, 0xD0, 0x00, 0x00, 0x00, 0x00, 0x00, 0x00, 0x00, 0x00, 0x00,
    0x0C, 0xFF, 0xFF, 0xF7, 0x00, 0x00, 0x00, 0x00, 0x0D, 0xFF, 0xFF, 0xD0, 0x00, 0x00, 0x00, 0x00,
    0x00, 0x00, 0x00, 0x00, 0x00, 0x9F, 0xFF, 0xFF, 0xA0, 0x00, 0x00, 0x00, 0x00, 0x0D, 0xFF, 0xFF,
    0xD0, 0x00, 0x00, 0x00, 0x00, 0x00, 0x00, 0x00, 0x00, 0x06, 0xFF, 0xFF, 0xFC, 0x10, 0x00, 0x00,
    0x00, 0x00, 0x0D, 0xFF, 0xFF, 0xD0, 0x00, 0x00, 0x00, 0x00, 0x00, 0x00, 0x00, 0x00, 0x3E, 0xFF,
    0xFF, 0xE2, 0x00, 0x00, 0x00, 0x00, 0x00, 0x0D, 0xFF, 0xFF, 0xD0, 0x00, 0x00, 0x00, 0x00, 0x00,
    0x00, 0x00, 0x01, 0xDF, 0xFF, 0xFF, 0x50, 0x00, 0x00, 0x00, 0x00, 0x00, 0x0D, 0xFF, 0xFF, 0xD0,
    0x00, 0x00, 0x00, 0x00, 0x00, 0x00, 0x00, 0x0A, 0xFF, 0xFF, 0xF8, 0x00, 0x00, 0x00, 0x00, 0x00,
    0x00, 0x0D, 0xFF, 0xFF, 0xD0, 0x00, 0x00, 0x00, 0x00, 0x00, 0x00, 0x00, 0x7F, 0xFF, 0xFF, 0xB0,
    0x00, 0x00, 0x00, 0x00, 0x00, 0x00, 0x0D, 0xFF, 0xFF, 0xD0, 0x00, 0x00, 0x00, 0x00, 0x00, 0x00,
    0x04, 0xFF, 0xFF, 0xFD, 0x10, 0x00, 0x00, 0x00, 0x00, 0x00, 0x00, 0x0D, 0xFF, 0xFF, 0xD0, 0x00,
    0x00, 0x00, 0x00, 0x00, 0x00, 0x2E, 0xFF, 0xFF, 0xF3, 0x00, 0x00, 0x00, 0x00, 0x00, 0x00, 0x00,
    0x0D, 0xFF, 0xFF, 0xD0, 0x00, 0x00, 0x00, 0x00, 0x00, 0x00, 0x6F, 0xFF, 0xFF, 0xFF, 0xFF, 0xFF,
    0xFF, 0xFF, 0xFF, 0xFF, 0xFF, 0xFF, 0xFF, 0xFF, 0xFF, 0xFF, 0xFF, 0xFF, 0xF3, 0x00, 0x00, 0x6F,
    0xFF, 0xFF, 0xFF, 0xFF, 0xFF, 0xFF, 0xFF, 0xFF, 0xFF, 0xFF, 0xFF, 0xFF, 0xFF, 0xFF, 0xFF, 0xFF,
    0xFF, 0xF3, 0x00, 0x00, 0x6F, 0xFF, 0xFF, 0xFF, 0xFF, 0xFF, 0xFF, 0xFF, 0xFF, 0xFF, 0xFF, 0xFF,
    0xFF, 0xFF, 0xFF, 0xFF, 0xFF, 0xFF, 0xF3, 0x00, 0x00, 0x6F, 0xFF, 0xFF, 0xFF, 0xFF, 0xFF, 0xFF,
    0xFF, 0xFF, 0xFF, 0xFF, 0xFF, 0xFF, 0xFF, 0xFF, 0xFF, 0xFF, 0xFF, 0xF3, 0x00, 0x00, 0x6F, 0xFF,
    0xFF, 0xFF, 0xFF, 0xFF, 0xFF, 0xFF, 0xFF, 0xFF, 0xFF, 0xFF, 0xFF, 0xFF, 0xFF, 0xFF, 0xFF, 0xFF,
    0xF3, 0x00, 0x00, 0x00, 0x00, 0x00, 0x00, 0x00, 0x00, 0x00, 0x00, 0x00, 0x00, 0x00, 0x0D, 0xFF,
    0xFF, 0xD0, 0x00, 0x00, 0x00, 0x00, 0x00, 0x00, 0x00, 0x00, 0x00, 0x00, 0x00, 0x00, 0x00, 0x00,
    0x00, 0x00, 0x00, 0x0D, 0xFF, 0xFF, 0xD0, 0x00, 0x00, 0x00, 0x00, 0x00, 0x00, 0x00, 0x00, 0x00,
    0x00, 0x00, 0x00, 0x00, 0x00, 0x00, 0x00, 0x00, 0x0D, 0xFF, 0xFF, 0xD0, 0x00, 0x00, 0x00, 0x00,
    0x00, 0x00, 0x00, 0x00, 0x00, 0x00, 0x00, 0x00, 0x00, 0x00, 0x00, 0x00, 0x00, 0x0D, 0xFF, 0xFF,
    0xD0, 0x00, 0x00, 0x00, 0x00, 0x00, 0x00, 0x00, 0x00, 0x00, 0x00, 0x00, 0x00, 0x00, 0x00, 0x00,
    0x00, 0x00, 0x0D, 0xFF, 0xFF, 0xD0, 0x00, 0x00, 0x00, 0x00, 0x00, 0x00, 0x00, 0x00, 0x00, 0x00,
    0x00, 0x00, 0x00, 0x00, 0x00, 0x00, 0x00, 0x0D, 0xFF, 0xFF, 0xD0, 0x00, 0x00, 0x00, 0x00, 0x00,
    0x00, 0x00, 0x00, 0x00, 0x00, 0x00, 0x00, 0x00, 0x00, 0x00, 0x00, 0x00, 0x0D, 0xFF, 0xFF, 0xD0,
    0x00, 0x00, 0x00, 0x00, 0x00, 0x00, 0x00, 0x00, 0x00, 0x00, 0x00, 0x00, 0x00, 0x00, 0x00, 0x00,
    0x00, 0x0D, 0xFF, 0xFF, 0xD0, 0x00, 0x00, 0x00, 0x00, 0x00, 0x00, 0x00, 0x00, 0x00, 0x00, 0x00,
    0x00, 0x00, 0x00, 0x00, 0x00, 0x00, 0x0D, 0xFF, 0xFF, 0xD0, 0x00, 0x00, 0x00, 0x00, 0x00, 0x00,
    0x00, 0x00, 0x00, 0x00, 0x00, 0x00, 0x00, 0x00, 0x00, 0x00, 0x00, 0x0D, 0xFF, 0xFF, 0xD0, 0x00,
    0x00, 0x00, 0x00, 0x00, 0x00, 0x00, 0x00, 0x00, 0x00, 0x00, 0x00, 0x00, 0x00, 0x00, 0x00, 0x00,
    0x0D, 0xFF, 0xFF, 0xD0, 0x00, 0x00, 0x00, 0x00, 0x00, 0x00, 0x00, 0x00, 0x06, 0xFF, 0xFF, 0xFF,
    0xFF, 0xFF, 0xFF, 0xFF, 0xFF, 0xFF, 0xFF, 0xFF, 0xFF, 0xFB, 0x00, 0x00, 0x00, 0x00, 0x00, 0x00,
    0x07, 0xFF, 0xFF, 0xFF, 0xFF, 0xFF, 0xFF, 0xFF, 0xFF, 0xFF, 0xFF, 0xFF, 0xFF, 0xFB, 0x00, 0x00,
    0x00, 0x00, 0x00, 0x00, 0x09, 0xFF, 0xFF, 0xFF, 0xFF, 0xFF, 0xFF, 0xFF, 0xFF, 0xFF, 0xFF, 0xFF,
    0xFF, 0xFB, 0x00, 0x00, 0x00, 0x00, 0x00, 0x00, 0x0B, 0xFF, 0xFF, 0xFF, 0xFF, 0xFF, 0xFF, 0xFF,
    0xFF, 0xFF, 0xFF, 0xFF, 0xFF, 0xFB, 0x00, 0x00, 0x00, 0x00, 0x00, 0x00, 0x0D, 0xFF, 0xFF, 0xFF,
    0xFF, 0xFF, 0xFF, 0xFF, 0xFF, 0xFF, 0xFF, 0xFF, 0xFF, 0xFB, 0x00, 0x00, 0x00, 0x00, 0x00, 0x00,
    0x0F, 0xFF, 0xFF, 0x40, 0x00, 0x00, 0x00, 0x00, 0x00, 0x00, 0x00, 0x00, 0x00, 0x00, 0x00, 0x00,
    0x00, 0x00, 0x00, 0x00, 0x1F, 0xFF, 0xFF, 0x20, 0x00, 0x00, 0x00, 0x00, 0x00, 0x00, 0x00, 0x00,
    0x00, 0x00, 0x00, 0x00, 0x00, 0x00, 0x00, 0x00, 0x3F, 0xFF, 0xFF, 0x00, 0x00, 0x00, 0x00, 0x00,
    0x00, 0x00, 0x00, 0x00, 0x00, 0x00, 0x00, 0x00, 0x00, 0x00, 0x00, 0x00, 0x5F, 0xFF, 0xFE, 0x00,
    0x00, 0x00, 0x00, 0x00, 0x00, 0x00, 0x00, 0x00, 0x00, 0x00, 0x00, 0x00, 0x00, 0x00, 0x00, 0x00,
    0x7F, 0xFF, 0xFC, 0x00, 0x00, 0x00, 0x00, 0x00, 0x00, 0x00, 0x00, 0x00, 0x00, 0x00, 0x00, 0x00,
    0x00, 0x00, 0x00, 0x00, 0x9F, 0xFF, 0xFA, 0x00, 0x00, 0x00, 0x00, 0x00, 0x00, 0x00, 0x00, 0x00,
    0x00, 0x00, 0x00, 0x00, 0x00, 0x00, 0x00, 0x00, 0xAF, 0xFF, 0xF8, 0x00, 0x00, 0x00, 0x00, 0x00,
    0x00, 0x00, 0x00, 0x00, 0x00, 0x00, 0x00, 0x00, 0x00, 0x00, 0x00, 0x00, 0xCF, 0xFF, 0xF7, 0x00,
    0x00, 0x00, 0x00, 0x00, 0x00, 0x00, 0x00, 0x00, 0x00, 0x00, 0x00, 0x00, 0x00, 0x00, 0x00, 0x00,
    0xEF, 0xFF, 0xF5, 0x00, 0x00, 0x00, 0x00, 0x00, 0x00, 0x00, 0x00, 0x00, 0x00, 0x00, 0x00, 0x00,
    0x00, 0x00, 0x00, 0x01, 0xFF, 0xFF, 0xF3, 0x00, 0x00, 0x00, 0x00, 0x00, 0x00, 0x00, 0x00, 0x00,
    0x00, 0x00, 0x00, 0x00, 0x00, 0x00, 0x00, 0x03, 0xFF, 0xFF, 0xF1, 0x00, 0x04, 0x7B, 0xDE, 0xFE,
    0xDB, 0x73, 0x00, 0x00, 0x00, 0x00, 0x00, 0x00, 0x00, 0x00, 0x00, 0x04, 0xFF, 0xFF, 0xF0, 0x16,
    0xDF, 0xFF, 0xFF, 0xFF, 0xFF, 0xFF, 0xC6, 0x00, 0x00, 0x00, 0x00, 0x00, 0x00, 0x00, 0x00, 0x06,
    0xFF, 0xFF, 0xD2, 0xDF, 0xFF, 0xFF, 0xFF, 0xFF, 0xFF, 0xFF, 0xFF, 0xC3, 0x00, 0x00, 0x00, 0x00,
    0x00, 0x00, 0x00, 0x08, 0xFF, 0xFF, 0xEE, 0xFF, 0xFF, 0xFF, 0xFF, 0xFF, 0xFF, 0xFF, 0xFF, 0xFF,
    0x50, 0x00, 0x00, 0x00, 0x00, 0x00, 0x00, 0x0A, 0xFF, 0xFF, 0xFF, 0xFF, 0xFF, 0xFF, 0xFF, 0xFF,
    0xFF, 0xFF, 0xFF, 0xFF, 0xF6, 0x00, 0x00, 0x00, 0x00, 0x00, 0x00, 0x0C, 0xFF, 0xFF, 0xFF, 0xFF,
    0xE9, 0x52, 0x10, 0x14, 0x8D, 0xFF, 0xFF, 0xFF, 0xFF, 0x40, 0x00, 0x00, 0x00, 0x00, 0x00, 0x0D,
    0xFF, 0xFF, 0xFF, 0xFA, 0x10, 0x00, 0x00, 0x00, 0x00, 0x5D, 0xFF, 0xFF, 0xFF, 0xD1, 0x00, 0x00,
    0x00, 0x00, 0x00, 0x0F, 0xFF, 0xFF, 0xFF, 0x60, 0x00, 0x00, 0x00, 0x00, 0x00, 0x01, 0xBF, 0xFF,
    0xFF, 0xF9, 0x00, 0x00, 0x00, 0x00, 0x00, 0x08, 0xCF, 0xFF, 0xF6, 0x00, 0x00, 0x00, 0x00, 0x00,
    0x00, 0x00, 0x1C, 0xFF, 0xFF, 0xFF, 0x10, 0x00, 0x00, 0x00, 0x00, 0x00, 0x01, 0x6A, 0xA0, 0x00,
    0x00, 0x00, 0x00, 0x00, 0x00, 0x00, 0x02, 0xFF, 0xFF, 0xFF, 0x70, 0x00, 0x00, 0x00, 0x00, 0x00,
    0x00, 0x00, 0x00, 0x00, 0x00, 0x00, 0x00, 0x00, 0x00, 0x00, 0x00, 0x8F, 0xFF, 0xFF, 0xC0, 0x00,
    0x00, 0x00, 0x00, 0x00, 0x00, 0x00, 0x00, 0x00, 0x00, 0x00, 0x00, 0x00, 0x00, 0x00, 0x00, 0x2F,
    0xFF, 0xFF, 0xF0, 0x00, 0x00, 0x00, 0x00, 0x00, 0x00, 0x00, 0x00, 0x00, 0x00, 0x00, 0x00, 0x00,
    0x00, 0x00, 0x00, 0x0D, 0xFF, 0xFF, 0xF3, 0x00, 0x00, 0x00, 0x00, 0x00, 0x00, 0x00, 0x00, 0x00,
    0x00, 0x00, 0x00, 0x00, 0x00, 0x00, 0x00, 0x0B, 0xFF, 0xFF, 0xF5, 0x00, 0x00, 0x00, 0x00, 0x00,
    0x00, 0x00, 0x00, 0x00, 0x00, 0x00, 0x00, 0x00, 0x00, 0x00, 0x00, 0x09, 0xFF, 0xFF, 0xF6, 0x00,
    0x00, 0x00, 0x00, 0x00, 0x00, 0x00, 0x00, 0x00, 0x00, 0x00, 0x00, 0x00, 0x00, 0x00, 0x00, 0x09,
    0xFF, 0xFF, 0xF6, 0x00, 0x00, 0x00, 0x00, 0x00, 0x00, 0x00, 0x00, 0x00, 0x00, 0x00, 0x00, 0x00,
    0x00, 0x00, 0x00, 0x09, 0xFF, 0xFF, 0xF5, 0x00, 0x00, 0x00, 0x00, 0x00, 0x00, 0x00, 0x00, 0x00,
    0x00, 0x00, 0x00, 0x00, 0x00, 0x00, 0x00, 0x0B, 0xFF, 0xFF, 0xF4, 0x00, 0x00, 0x00, 0x00, 0x00,
    0x02, 0x73, 0x00, 0x00, 0x00, 0x00, 0x00, 0x00, 0x00, 0x00, 0x00, 0x0E, 0xFF, 0xFF, 0xF2, 0x00,
    0x00, 0x00, 0x00, 0x49, 0xDF, 0xF9, 0x00, 0x00, 0x00, 0x00, 0x00, 0x00, 0x00, 0x00, 0x00, 0x3F,
    0xFF, 0xFF, 0xE0, 0x00, 0x00, 0x00, 0x02, 0xFF, 0xFF, 0xFE, 0x10, 0x00, 0x00, 0x00, 0x00, 0x00,
    0x00, 0x00, 0x00, 0xAF, 0xFF, 0xFF, 0xB0, 0x00, 0x00, 0x00, 0x00, 0xBF, 0xFF, 0xFF, 0x70, 0x00,
    0x00, 0x00, 0x00, 0x00, 0x00, 0x00, 0x03, 0xFF, 0xFF, 0xFF, 0x60, 0x00, 0x00, 0x00, 0x00, 0x5F,
    0xFF, 0xFF, 0xE2, 0x00, 0x00, 0x00, 0x00, 0x00, 0x00, 0x00, 0x1D, 0xFF, 0xFF, 0xFE, 0x10, 0x00,
    0x00, 0x00, 0x00, 0x0C, 0xFF, 0xFF, 0xFD, 0x20, 0x00, 0x00, 0x00, 0x00, 0x00, 0x02, 0xCF, 0xFF,
    0xFF, 0xF6, 0x00, 0x00, 0x00, 0x00, 0x00, 0x03, 0xFF, 0xFF, 0xFF, 0xE5, 0x00, 0x00, 0x00, 0x00,
    0x00, 0x5E, 0xFF, 0xFF, 0xFF, 0xC0, 0x00, 0x00, 0x00, 0x00, 0x00, 0x00, 0x8F, 0xFF, 0xFF, 0xFF,
    0xD7, 0x42, 0x10, 0x13, 0x7D, 0xFF, 0xFF, 0xFF, 0xFE, 0x20, 0x00, 0x00, 0x00, 0x00, 0x00, 0x00,
    0x0A, 0xFF, 0xFF, 0xFF, 0xFF, 0xFF, 0xFF, 0xFF, 0xFF, 0xFF, 0xFF, 0xFF, 0xE3, 0x00, 0x00, 0x00,
    0x00, 0x00, 0x00, 0x00, 0x00, 0x9F, 0xFF, 0xFF, 0xFF, 0xFF, 0xFF, 0xFF, 0xFF, 0xFF, 0xFF, 0xFC,
    0x20, 0x00, 0x00, 0x00, 0x00, 0x00, 0x00, 0x00, 0x00, 0x05, 0xEF, 0xFF, 0xFF, 0xFF, 0xFF, 0xFF,
    0xFF, 0xFF, 0xFF, 0x81, 0x00, 0x00, 0x00, 0x00, 0x00, 0x00, 0x00, 0x00, 0x00, 0x00, 0x17, 0xDF,
    0xFF, 0xFF, 0xFF, 0xFF, 0xFF, 0xFE, 0x82, 0x00, 0x00, 0x00, 0x00, 0x00, 0x00, 0x00, 0x00, 0x00,
    0x00, 0x00, 0x00, 0x03, 0x7A, 0xCE, 0xFF, 0xED, 0xB8, 0x40, 0x00, 0x00, 0x00, 0x00, 0x00, 0x00,
    0x00, 0x00, 0x00, 0x00, 0x00, 0x00, 0x00, 0x00, 0x00, 0x38, 0xAD, 0xEF, 0xEE, 0xC9, 0x61, 0x00,
    0x00, 0x00, 0x00, 0x00, 0x00, 0x00, 0x00, 0x00, 0x00, 0x00, 0x00, 0x00, 0x06, 0xDF, 0xFF, 0xFF,
    0xFF, 0xFF, 0xFF, 0xFA, 0x20, 0x00, 0x00, 0x00, 0x00, 0x00, 0x00, 0x00, 0x00, 0x00, 0x00, 0x00,
    0x3D, 0xFF, 0xFF, 0xFF, 0xFF, 0xFF, 0xFF, 0xFF, 0xFF, 0x60, 0x00, 0x00, 0x00, 0x00, 0x00, 0x00,
    0x00, 0x00, 0x00, 0x00, 0x6F, 0xFF, 0xFF, 0xFF, 0xFF, 0xFF, 0xFF, 0xFF, 0xFF, 0xFF, 0x90, 0x00,
    0x00, 0x00, 0x00, 0x00, 0x00, 0x00, 0x00, 0x00, 0x7F, 0xFF, 0xFF, 0xFF, 0xFF, 0xFF, 0xFF, 0xFF,
    0xFF, 0xFF, 0xFF, 0x90, 0x00, 0x00, 0x00, 0x00, 0x00, 0x00, 0x00, 0x00, 0x6F, 0xFF, 0xFF, 0xFF,
    0xB5, 0x21, 0x01, 0x48, 0xEF, 0xFF, 0xFF, 0xFF, 0x60, 0x00, 0x00, 0x00, 0x00, 0x00, 0x00, 0x00,
    0x3F, 0xFF, 0xFF, 0xFD, 0x30, 0x00, 0x00, 0x00, 0x01, 0x9F, 0xFF, 0xFF, 0xFE, 0x10, 0x00, 0x00,
    0x00, 0x00, 0x00, 0x00, 0x0C, 0xFF, 0xFF, 0xFC, 0x10, 0x00, 0x00, 0x00, 0x00, 0x00, 0x6F, 0xFF,
    0xFF, 0xD4, 0x00, 0x00, 0x00, 0x00, 0x00, 0x00, 0x06, 0xFF, 0xFF, 0xFD, 0x10, 0x00, 0x00, 0x00,
    0x00, 0x00, 0x00, 0xAE, 0xA6, 0x20, 0x00, 0x00, 0x00, 0x00, 0x00, 0x00, 0x00, 0xDF, 0xFF, 0xFF,
    0x40, 0x00, 0x00, 0x00, 0x00, 0x00, 0x00, 0x01, 0x00, 0x00, 0x00, 0x00, 0x00, 0x00, 0x00, 0x00,
    0x00, 0x5F, 0xFF, 0xFF, 0xA0, 0x00, 0x00, 0x00, 0x00, 0x00, 0x00, 0x00, 0x00, 0x00, 0x00, 0x00,
    0x00, 0x00, 0x00, 0x00, 0x00, 0x0B, 0xFF, 0xFF, 0xF3, 0x00, 0x00, 0x00, 0x00, 0x00, 0x00, 0x00,
    0x00, 0x00, 0x00, 0x00, 0x00, 0x00, 0x00, 0x00, 0x00, 0x02, 0xFF, 0xFF, 0xFB, 0x00, 0x00, 0x00,
    0x00, 0x00, 0x00, 0x00, 0x00, 0x00, 0x00, 0x00, 0x00, 0x00, 0x00, 0x00, 0x00, 0x00, 0x6F, 0xFF,
    0xFF, 0x70, 0x00, 0x00, 0x00, 0x00, 0x00, 0x00, 0x00, 0x00, 0x00, 0x00, 0x00, 0x00, 0x00, 0x00,
    0x00, 0x00, 0x0A, 0xFF, 0xFF, 0xF2, 0x00, 0x00, 0x00, 0x00, 0x00, 0x00, 0x00, 0x00, 0x00, 0x00,
    0x00, 0x00, 0x00, 0x00, 0x00, 0x00, 0x00, 0xEF, 0xFF, 0xFD, 0x00, 0x00, 0x00, 0x00, 0x00, 0x00,
    0x00, 0x00, 0x00, 0x00, 0x00, 0x00, 0x00, 0x00, 0x00, 0x00, 0x00, 0x2F, 0xFF, 0xFF, 0xA0, 0x00,
    0x00, 0x16, 0xAC, 0xEF, 0xFE, 0xC9, 0x50, 0x00, 0x00, 0x00, 0x00, 0x00, 0x00, 0x00, 0x00, 0x04,
    0xFF, 0xFF, 0xF7, 0x00, 0x02, 0xAF, 0xFF, 0xFF, 0xFF, 0xFF, 0xFF, 0xE8, 0x10, 0x00, 0x00, 0x00,
    0x00, 0x00, 0x00, 0x00, 0x6F, 0xFF, 0xFF, 0x50, 0x06, 0xEF, 0xFF, 0xFF, 0xFF, 0xFF, 0xFF, 0xFF,
    0xFE, 0x50, 0x00, 0x00, 0x00, 0x00, 0x00, 0x00, 0x08, 0xFF, 0xFF, 0xF3, 0x08, 0xFF, 0xFF, 0xFF,
    0xFF, 0xFF, 0xFF, 0xFF, 0xFF, 0xFF, 0x80, 0x00, 0x00, 0x00, 0x00, 0x00, 0x00, 0xAF, 0xFF, 0xFF,
    0x28, 0xFF, 0xFF, 0xFF, 0xFF, 0xFF, 0xFF, 0xFF, 0xFF, 0xFF, 0xFF, 0x90, 0x00, 0x00, 0x00, 0x00,
    0x00, 0x0B, 0xFF, 0xFF, 0xF6, 0xFF, 0xFF, 0xFC, 0x73, 0x10, 0x13, 0x6B, 0xFF, 0xFF, 0xFF, 0xFF,
    0x60, 0x00, 0x00, 0x00, 0x00, 0x00, 0xCF, 0xFF, 0xFF, 0xEF, 0xFF, 0xD4, 0x00, 0x00, 0x00, 0x00,
    0x03, 0xCF, 0xFF, 0xFF, 0xFE, 0x20, 0x00, 0x00, 0x00, 0x00, 0x0D, 0xFF, 0xFF, 0xFF, 0xFF, 0xC1,
    0x00, 0x00, 0x00, 0x00, 0x00, 0x01, 0xAF, 0xFF, 0xFF, 0xFB, 0x00, 0x00, 0x00, 0x00, 0x00, 0xDF,
    0xFF, 0xFF, 0xFF, 0xD1, 0x00, 0x00, 0x00, 0x00, 0x00, 0x00, 0x00, 0xCF, 0xFF, 0xFF, 0xF3, 0x00,
    0x00, 0x00, 0x00, 0x0E, 0xFF, 0xFF, 0xFF, 0xF3, 0x00, 0x00, 0x00, 0x00, 0x00, 0x00, 0x00, 0x02,
    0xEF, 0xFF, 0xFF, 0x90, 0x00, 0x00, 0x00, 0x00, 0xDF, 0xFF, 0xFF, 0xFB, 0x00, 0x00, 0x00, 0x00,
    0x00, 0x00, 0x00, 0x00, 0x09, 0xFF, 0xFF, 0xFE, 0x00, 0x00, 0x00, 0x00, 0x0D, 0xFF, 0xFF, 0xFF,
    0x40, 0x00, 0x00, 0x00, 0x00, 0x00, 0x00, 0x00, 0x00, 0x2F, 0xFF, 0xFF, 0xF2, 0x00, 0x00, 0x00,
    0x00, 0xCF, 0xFF, 0xFF, 0xF1, 0x00, 0x00, 0x00, 0x00, 0x00, 0x00, 0x00, 0x00, 0x00, 0xDF, 0xFF,
    0xFF, 0x50, 0x00, 0x00, 0x00, 0x0B, 0xFF, 0xFF, 0xFC, 0x00, 0x00, 0x00, 0x00, 0x00, 0x00, 0x00,
    0x00, 0x00, 0x0A, 0xFF, 0xFF, 0xF7, 0x00, 0x00, 0x00, 0x00, 0x9F, 0xFF, 0xFF, 0xB0, 0x00, 0x00,
    0x00, 0x00, 0x00, 0x00, 0x00, 0x00, 0x00, 0x9F, 0xFF, 0xFF, 0x80, 0x00, 0x00, 0x00, 0x07, 0xFF,
    0xFF, 0xFA, 0x00, 0x00, 0x00, 0x00, 0x00, 0x00, 0x00, 0x00, 0x00, 0x08, 0xFF, 0xFF, 0xF8, 0x00,
    0x00, 0x00, 0x00, 0x5F, 0xFF, 0xFF, 0xB0, 0x00, 0x00, 0x00, 0x00, 0x00, 0x00, 0x00, 0x00, 0x00,
    0x9F, 0xFF, 0xFF, 0x80, 0x00, 0x00, 0x00, 0x02, 0xFF, 0xFF, 0xFC, 0x00, 0x00, 0x00, 0x00, 0x00,
    0x00, 0x00, 0x00, 0x00, 0x0A, 0xFF, 0xFF, 0xF6, 0x00, 0x00, 0x00, 0x00, 0x0D, 0xFF, 0xFF, 0xF1,
    0x00, 0x00, 0x00, 0x00, 0x00, 0x00, 0x00, 0x00, 0x00, 0xDF, 0xFF, 0xFF, 0x40, 0x00, 0x00, 0x00,
    0x00, 0x9F, 0xFF, 0xFF, 0x40, 0x00, 0x00, 0x00, 0x00, 0x00, 0x00, 0x00, 0x00, 0x2F, 0xFF, 0xFF,
    0xF1, 0x00, 0x00, 0x00, 0x00, 0x04, 0xFF, 0xFF, 0xFB, 0x00, 0x00, 0x00, 0x00, 0x00, 0x00, 0x00,
    0x00, 0x09, 0xFF, 0xFF, 0xFB, 0x00, 0x00, 0x00, 0x00, 0x00, 0x0E, 0xFF, 0xFF, 0xF3, 0x00, 0x00,
    0x00, 0x00, 0x00, 0x00, 0x00, 0x02, 0xEF, 0xFF, 0xFF, 0x60, 0x00, 0x00, 0x00, 0x00, 0x00, 0x7F,
    0xFF, 0xFF, 0xD1, 0x00, 0x00, 0x00, 0x00, 0x00, 0x00, 0x00, 0xCF, 0xFF, 0xFF, 0xD0, 0x00, 0x00,
    0x00, 0x00, 0x00, 0x01, 0xEF, 0xFF, 0xFF, 0xC1, 0x00, 0x00, 0x00, 0x00, 0x00, 0x00, 0xAF, 0xFF,
    0xFF, 0xF6, 0x00, 0x00, 0x00, 0x00, 0x00, 0x00, 0x06, 0xFF, 0xFF, 0xFF, 0xD4, 0x00, 0x00, 0x00,
    0x00, 0x03, 0xCF, 0xFF, 0xFF, 0xFB, 0x00, 0x00, 0x00, 0x00, 0x00, 0x00, 0x00, 0x0B, 0xFF, 0xFF,
    0xFF, 0xFC, 0x73, 0x10, 0x12, 0x6B, 0xFF, 0xFF, 0xFF, 0xFD, 0x10, 0x00, 0x00, 0x00, 0x00, 0x00,
    0x00, 0x00, 0x1D, 0xFF, 0xFF, 0xFF, 0xFF, 0xFF, 0xFF, 0xFF, 0xFF, 0xFF, 0xFF, 0xFE, 0x30, 0x00,
    0x00, 0x00, 0x00, 0x00, 0x00, 0x00, 0x00, 0x1C, 0xFF, 0xFF, 0xFF, 0xFF, 0xFF, 0xFF, 0xFF, 0xFF,
    0xFF, 0xFD, 0x20, 0x00, 0x00, 0x00, 0x00, 0x00, 0x00, 0x00, 0x00, 0x00, 0x19, 0xFF, 0xFF, 0xFF,
    0xFF, 0xFF, 0xFF, 0xFF, 0xFF, 0xF8, 0x00, 0x00, 0x00, 0x00, 0x00, 0x00, 0x00, 0x00, 0x00, 0x00,
    0x00, 0x03, 0xAF, 0xFF, 0xFF, 0xFF, 0xFF, 0xFF, 0xFF, 0xA2, 0x00, 0x00, 0x00, 0x00, 0x00, 0x00,
    0x00, 0x00, 0x00, 0x00, 0x00, 0x00, 0x00, 0x15, 0x9C, 0xDE, 0xFE, 0xDC, 0x95, 0x10, 0x00, 0x00,
    0x00, 0x00, 0x00, 0x00, 0x00, 0x0F, 0xFF, 0xFF, 0xFF, 0xFF, 0xFF, 0xFF, 0xFF, 0xFF, 0xFF, 0xFF,
    0xFF, 0xFF, 0xFF, 0xFF, 0xFF, 0x60, 0x00, 0xFF, 0xFF, 0xFF, 0xFF, 0xFF, 0xFF, 0xFF, 0xFF, 0xFF,
    0xFF, 0xFF, 0xFF, 0xFF, 0xFF, 0xFF, 0xF6, 0x00, 0x0F, 0xFF, 0xFF, 0xFF, 0xFF, 0xFF, 0xFF, 0xFF,
    0xFF, 0xFF, 0xFF, 0xFF, 0xFF, 0xFF, 0xFF, 0xFF, 0x60, 0x00, 0xFF, 0xFF, 0xFF, 0xFF, 0xFF, 0xFF,
    0xFF, 0xFF, 0xFF, 0xFF, 0xFF, 0xFF, 0xFF, 0xFF, 0xFF, 0xF6, 0x00, 0x0F, 0xFF, 0xFF, 0xFF, 0xFF,
    0xFF, 0xFF, 0xFF, 0xFF, 0xFF, 0xFF, 0xFF, 0xFF, 0xFF, 0xFF, 0xFF, 0x60, 0x00, 0x00, 0x00, 0x00,
    0x00, 0x00, 0x00, 0x00, 0x00, 0x00, 0x00, 0x00, 0x00, 0x3F, 0xFF, 0xFF, 0xF2, 0x00, 0x00, 0x00,
    0x00, 0x00, 0x00, 0x00, 0x00, 0x00, 0x00, 0x00, 0x00, 0x00, 0x0A, 0xFF, 0xFF, 0xFA, 0x00, 0x00,
    0x00, 0x00, 0x00, 0x00, 0x00, 0x00, 0x00, 0x00, 0x00, 0x00, 0x00, 0x03, 0xFF, 0xFF, 0xFF, 0x30,
    0x00, 0x00, 0x00, 0x00, 0x00, 0x00, 0x00, 0x00, 0x00, 0x00, 0x00, 0x00, 0x00, 0xAF, 0xFF, 0xFF,
    0xB0, 0x00, 0x00, 0x00, 0x00, 0x00, 0x00, 0x00, 0x00, 0x00, 0x00, 0x00, 0x00, 0x00, 0x3F, 0xFF,
    0xFF, 0xF4, 0x00, 0x00, 0x00, 0x00, 0x00, 0x00, 0x00, 0x00, 0x00, 0x00, 0x00, 0x00, 0x00, 0x0A,
    0xFF, 0xFF, 0xFC, 0x00, 0x00, 0x00, 0x00, 0x00, 0x00, 0x00, 0x00, 0x00, 0x00, 0x00, 0x00, 0x00,
    0x02, 0xFF, 0xFF, 0xFF, 0x40, 0x00, 0x00, 0x00, 0x00, 0x00, 0x00, 0x00, 0x00, 0x00, 0x00, 0x00,
    0x00, 0x00, 0xAF, 0xFF, 0xFF, 0xC0, 0x00, 0x00, 0x00, 0x00, 0x00, 0x00, 0x00, 0x00, 0x00, 0x00,
    0x00, 0x00, 0x00, 0x2F, 0xFF, 0xFF, 0xF5, 0x00, 0x00, 0x00, 0x00, 0x00, 0x00, 0x00, 0x00, 0x00,
    0x00, 0x00, 0x00, 0x00, 0x0A, 0xFF, 0xFF, 0xFD, 0x00, 0x00, 0x00, 0x00, 0x00, 0x00, 0x00, 0x00,
    0x00, 0x00, 0x00, 0x00, 0x00, 0x02, 0xFF, 0xFF, 0xFF, 0x60, 0x00, 0x00, 0x00, 0x00, 0x00, 0x00,
    0x00, 0x00, 0x00, 0x00, 0x00, 0x00, 0x00, 0x9F, 0xFF, 0xFF, 0xE0, 0x00, 0x00, 0x00, 0x00, 0x00,
    0x00, 0x00, 0x00, 0x00, 0x00, 0x00, 0x00, 0x00, 0x2F, 0xFF, 0xFF, 0xF7, 0x00, 0x00, 0x00, 0x00,
    0x00, 0x00, 0x00, 0x00, 0x00, 0x00, 0x00, 0x00, 0x00, 0x09, 0xFF, 0xFF, 0xFE, 0x10, 0x00, 0x00,
    0x00, 0x00, 0x00, 0x00, 0x00, 0x00, 0x00, 0x00, 0x00, 0x00, 0x02, 0xFF, 0xFF, 0xFF, 0x80, 0x00,
    0x00, 0x00, 0x00, 0x00, 0x00, 0x00, 0x00, 0x00, 0x00, 0x00, 0x00, 0x00, 0x9F, 0xFF, 0xFF, 0xE1,
    0x00, 0x00, 0x00, 0x00, 0x00, 0x00, 0x00, 0x00, 0x00, 0x00, 0x00, 0x00, 0x00, 0x2F, 0xFF, 0xFF,
    0xF9, 0x00, 0x00, 0x00, 0x00, 0x00, 0x00, 0x00, 0x00, 0x00, 0x00, 0x00, 0x00, 0x00, 0x09, 0xFF,
    0xFF, 0xFF, 0x20, 0x00, 0x00, 0x00, 0x00, 0x00, 0x00, 0x00, 0x00, 0x00, 0x00, 0x00, 0x00, 0x02,
    0xFF, 0xFF, 0xFF, 0x90, 0x00, 0x00, 0x00, 0x00, 0x00, 0x00, 0x00, 0x00, 0x00, 0x00, 0x00, 0x00,
    0x00, 0x9F, 0xFF, 0xFF, 0xF2, 0x00, 0x00, 0x00, 0x00, 0x00, 0x00, 0x00, 0x00, 0x00, 0x00, 0x00,
    0x00, 0x00, 0x1F, 0xFF, 0xFF, 0xFA, 0x00, 0x00, 0x00, 0x00, 0x00, 0x00, 0x00, 0x00, 0x00, 0x00,
    0x00, 0x00, 0x00, 0x08, 0xFF, 0xFF, 0xFF, 0x30, 0x00, 0x00, 0x00, 0x00, 0x00, 0x00, 0x00, 0x00,
    0x00, 0x00, 0x00, 0x00, 0x01, 0xEF, 0xFF, 0xFF, 0xB0, 0x00, 0x00, 0x00, 0x00, 0x00, 0x00, 0x00,
    0x00, 0x00, 0x00, 0x00, 0x00, 0x00, 0x8F, 0xFF, 0xFF, 0xF4, 0x00, 0x00, 0x00, 0x00, 0x00, 0x00,
    0x00, 0x00, 0x00, 0x00, 0x00, 0x00, 0x00, 0x1E, 0xFF, 0xFF, 0xFC, 0x00, 0x00, 0x00, 0x00, 0x00,
    0x00, 0x00, 0x00, 0x00, 0x00, 0x00, 0x00, 0x00, 0x08, 0xFF, 0xFF, 0xFF, 0x50, 0x00, 0x00, 0x00,
    0x00, 0x00, 0x00, 0x00, 0x00, 0x00, 0x00, 0x00, 0x00, 0x01, 0xEF, 0xFF, 0xFF, 0xD0, 0x00, 0x00,
    0x00, 0x00, 0x00, 0x00, 0x00, 0x00, 0x00, 0x00, 0x00, 0x00, 0x00, 0x8F, 0xFF, 0xFF, 0xF6, 0x00,
    0x00, 0x00, 0x00, 0x00, 0x00, 0x00, 0x00, 0x00, 0x00, 0x00, 0x00, 0x00, 0x1E, 0xFF, 0xFF, 0xFD,
    0x00, 0x00, 0x00, 0x00, 0x00, 0x00, 0x00, 0x00, 0x00, 0x00, 0x00, 0x00, 0x00, 0x07, 0xFF, 0xFF,
    0xFF, 0x60, 0x00, 0x00, 0x00, 0x00, 0x00, 0x00, 0x00, 0x00, 0x00, 0x00, 0x00, 0x00, 0x01, 0xEF,
    0xFF, 0xFF, 0xE1, 0x00, 0x00, 0x00, 0x00, 0x00, 0x00, 0x00, 0x00, 0x00, 0x00, 0x00, 0x00, 0x00,
    0x7F, 0xFF, 0xFF, 0xF7, 0x00, 0x00, 0x00, 0x00, 0x00, 0x00, 0x00, 0x00, 0x00, 0x00, 0x00, 0x00,
    0x00, 0x1E, 0xFF, 0xFF, 0xFE, 0x10, 0x00, 0x00, 0x00, 0x00, 0x00, 0x00, 0x00, 0x00, 0x00, 0x00,
    0x00, 0x00, 0x07, 0xFF, 0xFF, 0xFF, 0x80, 0x00, 0x00, 0x00, 0x00, 0x00, 0x00, 0x00, 0x00, 0x00,
    0x00, 0x00, 0x00, 0x01, 0xEF, 0xFF, 0xFF, 0xF1, 0x00, 0x00, 0x00, 0x00, 0x00, 0x00, 0x00, 0x00,
    0x00, 0x00, 0x00, 0x00, 0x00, 0x7F, 0xFF, 0xFF, 0xF9, 0x00, 0x00, 0x00, 0x00, 0x00, 0x00, 0x00,
    0x00, 0x00, 0x00, 0x00, 0x00, 0x00, 0x1E, 0xFF, 0xFF, 0xFF, 0x20, 0x00, 0x00, 0x00, 0x00, 0x00,
    0x00, 0x00, 0x00, 0x00, 0x00, 0x00, 0x00, 0x07, 0xFF, 0xFF, 0xFF, 0xA0, 0x00, 0x00, 0x00, 0x00,
    0x00, 0x00, 0x00, 0x00, 0x00, 0x00, 0x00, 0x00, 0x00, 0xEF, 0xFF, 0xFF, 0xF3, 0x00, 0x00, 0x00,
    0x00, 0x00, 0x00, 0x00, 0x00, 0x00, 0x00, 0x00, 0x00, 0x00, 0x6F, 0xFF, 0xFF, 0xFB, 0x00, 0x00,
    0x00, 0x00, 0x00, 0x00, 0x00, 0x00, 0x00, 0x00, 0x00, 0x00, 0x00, 0x00, 0x00, 0x00, 0x00, 0x00,
    0x00, 0x38, 0xBE, 0xFE, 0xDB, 0x72, 0x00, 0x00, 0x00, 0x00, 0x00, 0x00, 0x00, 0x00, 0x00, 0x00,
    0x00, 0x00, 0x00, 0x00, 0x00, 0x3B, 0xFF, 0xFF, 0xFF, 0xFF, 0xFF, 0x92, 0x00, 0x00, 0x00, 0x00,
    0x00, 0x00, 0x00, 0x00, 0x00, 0x00, 0x00, 0x00, 0x00, 0x07, 0xFF, 0xFF, 0xFF, 0xFF, 0xFF, 0xFF,
    0xFE, 0x50, 0x00, 0x00, 0x00, 0x00, 0x00, 0x00, 0x00, 0x00, 0x00, 0x00, 0x00, 0x00, 0x9F, 0xFF,
    0xFF, 0xFF, 0xFF, 0xFF, 0xFF, 0xFF, 0xF6, 0x00, 0x00, 0x00, 0x00, 0x00, 0x00, 0x00, 0x00, 0x00,
    0x00, 0x00, 0x08, 0xFF, 0xFF, 0xFF, 0xFF, 0xFF, 0xFF, 0xFF, 0xFF, 0xFF, 0x50, 0x00, 0x00, 0x00,
    0x00, 0x00, 0x00, 0x00, 0x00, 0x00, 0x00, 0x4F, 0xFF, 0xFF, 0xFD, 0x62, 0x11, 0x38, 0xEF, 0xFF,
    0xFF, 0xE2, 0x00, 0x00, 0x00, 0x00, 0x00, 0x00, 0x00, 0x00, 0x00, 0x00, 0xDF, 0xFF, 0xFF, 0x80,
    0x00, 0x00, 0x00, 0x1B, 0xFF, 0xFF, 0xFB, 0x00, 0x00, 0x00, 0x00, 0x00, 0x00, 0x00, 0x00, 0x00,
    0x06, 0xFF, 0xFF, 0xF7, 0x00, 0x00, 0x00, 0x00, 0x00, 0xBF, 0xFF, 0xFF, 0x30, 0x00, 0x00, 0x00,
    0x00, 0x00, 0x00, 0x00, 0x00, 0x0C, 0xFF, 0xFF, 0xB0, 0x00, 0x00, 0x00, 0x00, 0x00, 0x1E, 0xFF,
    0xFF, 0x90, 0x00, 0x00, 0x00, 0x00, 0x00, 0x00, 0x00, 0x00, 0x1F, 0xFF, 0xFF, 0x30, 0x00, 0x00,
    0x00, 0x00, 0x00, 0x07, 0xFF, 0xFF, 0xD0, 0x00, 0x00, 0x00, 0x00, 0x00, 0x00, 0x00, 0x00, 0x4F,
    0xFF, 0xFD, 0x00, 0x00, 0x00, 0x00, 0x00, 0x00, 0x02, 0xFF, 0xFF, 0xF1, 0x00, 0x00, 0x00, 0x00,
    0x00, 0x00, 0x00, 0x00, 0x6F, 0xFF, 0xFA, 0x00, 0x00, 0x00, 0x00, 0x00, 0x00, 0x00, 0xEF, 0xFF,
    0xF3, 0x00, 0x00, 0x00, 0x00, 0x00, 0x00, 0x00, 0x00, 0x6F, 0xFF, 0xF9, 0x00, 0x00, 0x00, 0x00,
    0x00, 0x00, 0x00, 0xDF, 0xFF, 0xF3, 0x00, 0x00, 0x00, 0x00, 0x00, 0x00, 0x00, 0x00, 0x6F, 0xFF,
    0xFA, 0x00, 0x00, 0x00, 0x00, 0x00, 0x00, 0x00, 0xEF, 0xFF, 0xF3, 0x00, 0x00, 0x00, 0x00, 0x00,
    0x00, 0x00, 0x00, 0x4F, 0xFF, 0xFD, 0x00, 0x00, 0x00, 0x00, 0x00, 0x00, 0x02, 0xFF, 0xFF, 0xF1,
    0x00, 0x00, 0x00, 0x00, 0x00, 0x00, 0x00, 0x00, 0x1F, 0xFF, 0xFF, 0x30, 0x00, 0x00, 0x00, 0x00,
    0x00, 0x07, 0xFF, 0xFF, 0xD0, 0x00, 0x00, 0x00, 0x00, 0x00, 0x00, 0x00, 0x00, 0x0C, 0xFF, 0xFF,
    0xB0, 0x00, 0x00, 0x00, 0x00, 0x00, 0x1E, 0xFF, 0xFF, 0x90, 0x00, 0x00, 0x00, 0x00, 0x00, 0x00,
    0x00, 0x00, 0x06, 0xFF, 0xFF, 0xF7, 0x00, 0x00, 0x00, 0x00, 0x00, 0xBF, 0xFF, 0xFF, 0x30, 0x00,
    0x00, 0x00, 0x00, 0x00, 0x00, 0x00, 0x00, 0x00, 0xDF, 0xFF, 0xFF, 0x80, 0x00, 0x00, 0x00, 0x1B,
    0xFF, 0xFF, 0xFA, 0x00, 0x00, 0x00, 0x00, 0x00, 0x00, 0x00, 0x00, 0x00, 0x00, 0x5F, 0xFF, 0xFF,
    0xFD, 0x62, 0x11, 0x38, 0xEF, 0xFF, 0xFF, 0xF2, 0x00, 0x00, 0x00, 0x00, 0x00, 0x00, 0x00, 0x00,
    0x00, 0x00, 0x09, 0xFF, 0xFF, 0xFF, 0xFF, 0xFF, 0xFF, 0xFF, 0xFF, 0xFF, 0x60, 0x00, 0x00, 0x00,
    0x00, 0x00, 0x00, 0x00, 0x00, 0x00, 0x00, 0x00, 0xDF, 0xFF, 0xFF, 0xFF, 0xFF, 0xFF, 0xFF, 0xFF,
    0xFA, 0x00, 0x00, 0x00, 0x00, 0x00, 0x00, 0x00, 0x00, 0x00, 0x00, 0x00, 0x5D, 0xFF, 0xFF, 0xFF,
    0xFF, 0xFF, 0xFF, 0xFF, 0xFF, 0xFF, 0xC4, 0x00, 0x00, 0x00, 0x00, 0x00, 0x00, 0x00, 0x00, 0x00,
    0x1B, 0xFF, 0xFF, 0xFF, 0xFF, 0xFF, 0xFF, 0xFF, 0xFF, 0xFF, 0xFF, 0xFF, 0x91, 0x00, 0x00, 0x00,
    0x00, 0x00, 0x00, 0x00, 0x02, 0xDF, 0xFF, 0xFF, 0xFF, 0xFF, 0xFF, 0xFF, 0xFF, 0xFF, 0xFF, 0xFF,
    0xFF, 0xFC, 0x10, 0x00, 0x00, 0x00, 0x00, 0x00, 0x00, 0x1D, 0xFF, 0xFF, 0xFF, 0xFE, 0x96, 0x31,
    0x01, 0x23, 0x6A, 0xFF, 0xFF, 0xFF, 0xFF, 0xC1, 0x00, 0x00, 0x00, 0x00, 0x00, 0x00, 0xCF, 0xFF,
    0xFF, 0xFF, 0x71, 0x00, 0x00, 0x00, 0x00, 0x00, 0x29, 0xFF, 0xFF, 0xFF, 0xF9, 0x00, 0x00, 0x00,
    0x00, 0x00, 0x06, 0xFF, 0xFF, 0xFF, 0xD2, 0x00, 0x00, 0x00, 0x00, 0x00, 0x00, 0x00, 0x4E, 0xFF,
    0xFF, 0xFF, 0x40, 0x00, 0x00, 0x00, 0x00, 0x0D, 0xFF, 0xFF, 0xFE, 0x20, 0x00, 0x00, 0x00, 0x00,
    0x00, 0x00, 0x00, 0x04, 0xFF, 0xFF, 0xFF, 0xB0, 0x00, 0x00, 0x00, 0x00, 0x4F, 0xFF, 0xFF, 0xF5,
    0x00, 0x00, 0x00, 0x00, 0x00, 0x00, 0x00, 0x00, 0x00, 0x8F, 0xFF, 0xFF, 0xF2, 0x00, 0x00, 0x00,
    0x00, 0x8F, 0xFF, 0xFF, 0xD0, 0x00, 0x00, 0x00, 0x00, 0x00, 0x00, 0x00, 0x00, 0x00, 0x1F, 0xFF,
    0xFF, 0xF5, 0x00, 0x00, 0x00, 0x00, 0xBF, 0xFF, 0xFF, 0x80, 0x00, 0x00, 0x00, 0x00, 0x00, 0x00,
    0x00, 0x00, 0x00, 0x0B, 0xFF, 0xFF, 0xF9, 0x00, 0x00, 0x00, 0x00, 0xDF, 0xFF, 0xFF, 0x60, 0x00,
    0x00, 0x00, 0x00, 0x00, 0x00, 0x00, 0x00, 0x00, 0x08, 0xFF, 0xFF, 0xFA, 0x00, 0x00, 0x00, 0x00,
    0xEF, 0xFF, 0xFF, 0x40, 0x00, 0x00, 0x00, 0x00, 0x00, 0x00, 0x00, 0x00, 0x00, 0x07, 0xFF, 0xFF,
    0xFB, 0x00, 0x00, 0x00, 0x00, 0xDF, 0xFF, 0xFF, 0x50, 0x00, 0x00, 0x00, 0x00, 0x00, 0x00, 0x00,
    0x00, 0x00, 0x08, 0xFF, 0xFF, 0xFA, 0x00, 0x00, 0x00, 0x00, 0xCF, 0xFF, 0xFF, 0x70, 0x00, 0x00,
    0x00, 0x00, 0x00, 0x00, 0x00, 0x00, 0x00, 0x0A, 0xFF, 0xFF, 0xF9, 0x00, 0x00, 0x00, 0x00, 0x9F,
    0xFF, 0xFF, 0xC0, 0x00, 0x00, 0x00, 0x00, 0x00, 0x00, 0x00, 0x00, 0x00, 0x1E, 0xFF, 0xFF, 0xF6,
    0x00, 0x00, 0x00, 0x00, 0x5F, 0xFF, 0xFF, 0xF4, 0x00, 0x00, 0x00, 0x00, 0x00, 0x00, 0x00, 0x00,
    0x00, 0x7F, 0xFF, 0xFF, 0xF3, 0x00, 0x00, 0x00, 0x00, 0x1E, 0xFF, 0xFF, 0xFD, 0x10, 0x00, 0x00,
    0x00, 0x00, 0x00, 0x00, 0x00, 0x03, 0xEF, 0xFF, 0xFF, 0xC0, 0x00, 0x00, 0x00, 0x00, 0x08, 0xFF,
    0xFF, 0xFF, 0xC2, 0x00, 0x00, 0x00, 0x00, 0x00, 0x00, 0x00, 0x3E, 0xFF, 0xFF, 0xFF, 0x50, 0x00,
    0x00, 0x00, 0x00, 0x01, 0xDF, 0xFF, 0xFF, 0xFE, 0x60, 0x00, 0x00, 0x00, 0x00, 0x00, 0x18, 0xFF,
    0xFF, 0xFF, 0xFB, 0x00, 0x00, 0x00, 0x00, 0x00, 0x00, 0x3E, 0xFF, 0xFF, 0xFF, 0xFE, 0x95, 0x31,
    0x01, 0x13, 0x6A, 0xFF, 0xFF, 0xFF, 0xFF, 0xD1, 0x00, 0x00, 0x00, 0x00, 0x00, 0x00, 0x04, 0xEF,
    0xFF, 0xFF, 0xFF, 0xFF, 0xFF, 0xFF, 0xFF, 0xFF, 0xFF, 0xFF, 0xFF, 0xFD, 0x20, 0x00, 0x00, 0x00,
    0x00, 0x00, 0x00, 0x00, 0x3D, 0xFF, 0xFF, 0xFF, 0xFF, 0xFF, 0xFF, 0xFF, 0xFF, 0xFF, 0xFF, 0xFF,
    0xB1, 0x00, 0x00, 0x00, 0x00, 0x00, 0x00, 0x00, 0x00, 0x00, 0x8E, 0xFF, 0xFF, 0xFF, 0xFF, 0xFF,
    0xFF, 0xFF, 0xFF, 0xFF, 0xD6, 0x00, 0x00, 0x00, 0x00, 0x00, 0x00, 0x00, 0x00, 0x00, 0x00, 0x01,
    0x7C, 0xFF, 0xFF, 0xFF, 0xFF, 0xFF, 0xFF, 0xFF, 0xC6, 0x00, 0x00, 0x00, 0x00, 0x00, 0x00, 0x00,
    0x00, 0x00, 0x00, 0x00, 0x00, 0x00, 0x26, 0x9B, 0xDE, 0xFF, 0xED, 0xB9, 0x52, 0x00, 0x00, 0x00,
    0x00, 0x00, 0x00, 0x00, 0x00, 0x00, 0x00, 0x00, 0x00, 0x00, 0x00, 0x04, 0x8B, 0xDE, 0xFE, 0xDA,
    0x73, 0x00, 0x00, 0x00, 0x00, 0x00, 0x00, 0x00, 0x00, 0x00, 0x00, 0x00, 0x00, 0x00, 0x01, 0x7E,
    0xFF, 0xFF, 0xFF, 0xFF, 0xFF, 0xFD, 0x60, 0x00, 0x00, 0x00, 0x00, 0x00, 0x00, 0x00, 0x00, 0x00,
    0x00, 0x00, 0x05, 0xEF, 0xFF, 0xFF, 0xFF, 0xFF, 0xFF, 0xFF, 0xFF, 0xD4, 0x00, 0x00, 0x00, 0x00,
    0x00, 0x00, 0x00, 0x00, 0x00, 0x00, 0x0A, 0xFF, 0xFF, 0xFF, 0xFF, 0xFF, 0xFF, 0xFF, 0xFF, 0xFF,
    0xF8, 0x00, 0x00, 0x00, 0x00, 0x00, 0x00, 0x00, 0x00, 0x00, 0x1C, 0xFF, 0xFF, 0xFF, 0xFF, 0xFF,
    0xFF, 0xFF, 0xFF, 0xFF, 0xFF, 0xFA, 0x00, 0x00, 0x00, 0x00, 0x00, 0x00, 0x00, 0x00, 0x0B, 0xFF,
    0xFF, 0xFF, 0xFF, 0xFF, 0xFF, 0xFF, 0xFF, 0xFF, 0xFF, 0xFF, 0xF9, 0x00, 0x00, 0x00, 0x00, 0x00,
    0x00, 0x00, 0x09, 0xFF, 0xFF, 0xFF, 0xFF, 0xB6, 0x31, 0x01, 0x47, 0xDF, 0xFF, 0xFF, 0xFF, 0xF6,
    0x00, 0x00, 0x00, 0x00, 0x00, 0x00, 0x05, 0xFF, 0xFF, 0xFF, 0xFC, 0x30, 0x00, 0x00, 0x00, 0x00,
    0x5E, 0xFF, 0xFF, 0xFF, 0xE2, 0x00, 0x00, 0x00, 0x00, 0x00, 0x00, 0xDF, 0xFF, 0xFF, 0xF9, 0x00,
    0x00, 0x00, 0x00, 0x00, 0x00, 0x1C, 0xFF, 0xFF, 0xFF, 0xA0, 0x00, 0x00, 0x00, 0x00, 0x00, 0x6F,
    0xFF, 0xFF, 0xF9, 0x00, 0x00, 0x00, 0x00, 0x00, 0x00, 0x00, 0x1C, 0xFF, 0xFF, 0xFF, 0x20, 0x00,
    0x00, 0x00, 0x00, 0x0D, 0xFF, 0xFF, 0xFC, 0x00, 0x00, 0x00, 0x00, 0x00, 0x00, 0x00, 0x00, 0x2E,
    0xFF, 0xFF, 0xF8, 0x00, 0x00, 0x00, 0x00, 0x03, 0xFF, 0xFF, 0xFF, 0x30, 0x00, 0x00, 0x00, 0x00,
    0x00, 0x00, 0x00, 0x00, 0x6F, 0xFF, 0xFF, 0xD0, 0x00, 0x00, 0x00, 0x00, 0x7F, 0xFF, 0xFF, 0xA0,
    0x00, 0x00, 0x00, 0x00, 0x00, 0x00, 0x00, 0x00, 0x00, 0xEF, 0xFF, 0xFF, 0x20, 0x00, 0x00, 0x00,
    0x0A, 0xFF, 0xFF, 0xF5, 0x00, 0x00, 0x00, 0x00, 0x00, 0x00, 0x00, 0x00, 0x00, 0x08, 0xFF, 0xFF,
    0xF5, 0x00, 0x00, 0x00, 0x00, 0xCF, 0xFF, 0xFF, 0x20, 0x00, 0x00, 0x00, 0x00, 0x00, 0x00, 0x00,
    0x00, 0x00, 0x5F, 0xFF, 0xFF, 0x70, 0x00, 0x00, 0x00, 0x0D, 0xFF, 0xFF, 0xF0, 0x00, 0x00, 0x00,
    0x00, 0x00, 0x00, 0x00, 0x00, 0x00, 0x03, 0xFF, 0xFF, 0xF8, 0x00, 0x00, 0x00, 0x00, 0xEF, 0xFF,
    0xFE, 0x00, 0x00, 0x00, 0x00, 0x00, 0x00, 0x00, 0x00, 0x00, 0x00, 0x2F, 0xFF, 0xFF, 0x80, 0x00,
    0x00, 0x00, 0x0D, 0xFF, 0xFF, 0xF0, 0x00, 0x00, 0x00, 0x00, 0x00, 0x00, 0x00, 0x00, 0x00, 0x03,
    0xFF, 0xFF, 0xF8, 0x00, 0x00, 0x00, 0x00, 0xCF, 0xFF, 0xFF, 0x20, 0x00, 0x00, 0x00, 0x00, 0x00,
    0x00, 0x00, 0x00, 0x00, 0x5F, 0xFF, 0xFF, 0x60, 0x00, 0x00, 0x00, 0x09, 0xFF, 0xFF, 0xF5, 0x00,
    0x00, 0x00, 0x00, 0x00, 0x00, 0x00, 0x00, 0x00, 0x09, 0xFF, 0xFF, 0xF3, 0x00, 0x00, 0x00, 0x00,
    0x6F, 0xFF, 0xFF, 0xB0, 0x00, 0x00, 0x00, 0x00, 0x00, 0x00, 0x00, 0x00, 0x00, 0xEF, 0xFF, 0xFE,
    0x00, 0x00, 0x00, 0x00, 0x02, 0xFF, 0xFF, 0xFF, 0x30, 0x00, 0x00, 0x00, 0x00, 0x00, 0x00, 0x00,
    0x00, 0x7F, 0xFF, 0xFF, 0xA0, 0x00, 0x00, 0x00, 0x00, 0x0C, 0xFF, 0xFF, 0xFD, 0x10, 0x00, 0x00,
    0x00, 0x00, 0x00, 0x00, 0x00, 0x3F, 0xFF, 0xFF, 0xF5, 0x00, 0x00, 0x00, 0x00, 0x00, 0x5F, 0xFF,
    0xFF, 0xFA, 0x00, 0x00, 0x00, 0x00, 0x00, 0x00, 0x00, 0x1D, 0xFF, 0xFF, 0xFD, 0x00, 0x00, 0x00,
    0x00, 0x00, 0x00, 0xCF, 0xFF, 0xFF, 0xFA, 0x10, 0x00, 0x00, 0x00, 0x00, 0x00, 0x2D, 0xFF, 0xFF,
    0xFF, 0x50, 0x00, 0x00, 0x00, 0x00, 0x00, 0x03, 0xFF, 0xFF, 0xFF, 0xFD, 0x30, 0x00, 0x00, 0x00,
    0x00, 0x6E, 0xFF, 0xFF, 0xFF, 0xC0, 0x00, 0x00, 0x00, 0x00, 0x00, 0x00, 0x08, 0xFF, 0xFF, 0xFF,
    0xFF, 0xB6, 0x31, 0x01, 0x47, 0xDF, 0xFF, 0xFF, 0xFF, 0xF5, 0x00, 0x00, 0x00, 0x00, 0x00, 0x00,
    0x00, 0x0A, 0xFF, 0xFF, 0xFF, 0xFF, 0xFF, 0xFF, 0xFF, 0xFF, 0xFF, 0xFF, 0xFF, 0xFB, 0x00, 0x00,
    0x00, 0x00, 0x00, 0x00, 0x00, 0x00, 0x0A, 0xFF, 0xFF, 0xFF, 0xFF, 0xFF, 0xFF, 0xFF, 0xFF, 0xFF,
    0xFF, 0xFF, 0x30, 0x00, 0x00, 0x00, 0x00, 0x00, 0x00, 0x00, 0x00, 0x09, 0xFF, 0xFF, 0xFF, 0xFF,
    0xFF, 0xFF, 0xFF, 0xFF, 0xFF, 0xFF, 0xA0, 0x00, 0x00, 0x00, 0x00, 0x00, 0x00, 0x00, 0x00, 0x00,
    0x04, 0xDF, 0xFF, 0xFF, 0xFF, 0xFF, 0xFF, 0xFF, 0xFF, 0xFF, 0xF2, 0x00, 0x00, 0x00, 0x00, 0x00,
    0x00, 0x00, 0x00, 0x00, 0x00, 0x00, 0x7D, 0xFF, 0xFF, 0xFF, 0xFF, 0xFF, 0xFF, 0xFF, 0xF8, 0x00,
    0x00, 0x00, 0x00, 0x00, 0x00, 0x00, 0x00, 0x00, 0x00, 0x00, 0x00, 0x04, 0x8B, 0xDE, 0xFE, 0xDB,
    0xFF, 0xFF, 0xFE, 0x10, 0x00, 0x00, 0x00, 0x00, 0x00, 0x00, 0x00, 0x00, 0x00, 0x00, 0x00, 0x00,
    0x00, 0x00, 0x00, 0x00, 0xAF, 0xFF, 0xFF, 0x60, 0x00, 0x00, 0x00, 0x00, 0x00, 0x00, 0x00, 0x00,
    0x00, 0x00, 0x00, 0x00, 0x00, 0x00, 0x00, 0x00, 0x5F, 0xFF, 0xFF, 0xC0, 0x00, 0x00, 0x00, 0x00,
    0x00, 0x00, 0x00, 0x00, 0x00, 0x00, 0x00, 0x00, 0x00, 0x00, 0x00, 0x00, 0x1E, 0xFF, 0xFF, 0xF3,
    0x00, 0x00, 0x00, 0x00, 0x00, 0x00, 0x00, 0x00, 0x00, 0x00, 0x00, 0x00, 0x00, 0x00, 0x00, 0x00,
    0x0A, 0xFF, 0xFF, 0xF9, 0x00, 0x00, 0x00, 0x00, 0x00, 0x00, 0x00, 0x00, 0x00, 0x00, 0x00, 0x00,
    0x00, 0x00, 0x00, 0x00, 0x05, 0xFF, 0xFF, 0xFE, 0x10, 0x00, 0x00, 0x00, 0x00, 0x00, 0x00, 0x00,
    0x00, 0x00, 0x00, 0x00, 0x00, 0x00, 0x00, 0x00, 0x02, 0xEF, 0xFF, 0xFF, 0x60, 0x00, 0x00, 0x00,
    0x00, 0x00, 0x00, 0x00, 0x00, 0x00, 0x00, 0x00, 0x00, 0x00, 0x00, 0x00, 0x00, 0xBF, 0xFF, 0xFF,
    0xB0, 0x00, 0x00, 0x00, 0x00, 0x00, 0x00, 0x00, 0x00, 0x00, 0x00, 0x00, 0x00, 0x00, 0x00, 0x00,
    0x00, 0x7F, 0xFF, 0xFF, 0xF2, 0x00, 0x00, 0x00, 0x00, 0x00, 0x00, 0x00, 0x00, 0x00, 0x00, 0x00,
    0x00, 0x00, 0x00, 0x00, 0x00, 0x3F, 0xFF, 0xFF, 0xF7, 0x00, 0x00, 0x00, 0x00, 0x00, 0x00, 0x00,
    0x00, 0x00, 0x00, 0x00, 0x00, 0x00, 0x00, 0x00, 0x00, 0x1D, 0xFF, 0xFF, 0xFC, 0x00, 0x00, 0x00,
    0x00, 0x00, 0x00, 0x00, 0x00, 0x00, 0x00, 0x00, 0x00, 0x00, 0x00, 0x00, 0x00, 0x0A, 0xFF, 0xFF,
    0xFF, 0x30, 0x00, 0x00, 0x00, 0x00, 0x00, 0x00, 0x00, 0x00, 0x00, 0x00, 0x00, 0x00, 0x00, 0x00,
    0x00, 0x06, 0xFF, 0xFF, 0xFF, 0x80, 0x00, 0x00, 0x00, 0x00, 0x00, 0x00, 0x00, 0x00, 0x00, 0x00,
    0x00, 0x00, 0x00, 0x00, 0x00, 0x03, 0xFF, 0xFF, 0xFF, 0xD0, 0x00, 0x00, 0x00, 0x00, 0x00, 0x00,
    0x00, 0x00, 0x00,
};

inline constexpr FontGlyph kAtkinsonHLDigits68Glyphs[] = {
    {0, 25, 19, 25, 0, -19},  // '-'
    {238, 14, 9, 14, 0, -8},  // '.'
    {301, 26, 45, 26, 0, -45},  // '/'
    {886, 44, 47, 44, 0, -46},  // '0'
    {1920, 27, 45, 27, 0, -45},  // '1'
    {2528, 37, 46, 37, 0, -46},  // '2'
    {3379, 39, 47, 39, 0, -46},  // '3'
    {4296, 42, 45, 42, 0, -45},  // '4'
    {5241, 40, 46, 40, 0, -45},  // '5'
    {6161, 41, 47, 41, 0, -46},  // '6'
    {7125, 35, 45, 35, 0, -45},  // '7'
    {7913, 42, 47, 42, 0, -46},  // '8'
    {8900, 41, 46, 41, 0, -46},  // '9'
};

inline constexpr BitmapFont kAtkinsonHLDigits68Font = {
    kAtkinsonHLDigits68Bitmap, kAtkinsonHLDigits68Glyphs, 0x002D, 0x0039, 85, 65, 44, 47, 4};


}  // namespace ui
}  // namespace freeink
